Address,Balance,PendingBalanceUpdate
"0xe7caf4bfd112a9b66e180468ed3bfd30754a90cc","1","No"
"0xe7f3f715c182ea7fa13a9622bcde3043f9e7c13c","1","No"
"0x93e6222a623f2a0762f8b6cf6100fd00536851b8","1","No"
"0x8385d8f8b6b0f17e5da373066dadce0122ce00b5","1","No"
"0x6e66f9ace1cb5501c278c58773478b0995030101","1","No"
"0xf716e673577e00e87b745570e534bf2ea819e82f","1","No"
"0xe0f3a5f3064b609f7677c7b1aa4da0736746d64e","1","No"
"0x73ff906559929b5ce715e8ba45e23cf6541d82ca","1","No"
"0xd9d7046933bd3d0a3e869959ef95e4c41522c1bf","1","No"
"0xf05a0497994a33f18aa378630bc674efc77ad557","1","No"
"0x96aa69713ced2f836333b98fa0487914d2399289","1","No"
"0x755a1dd37b7f7011f8d11e5043a427532d11c63f","1","No"
"0x84929d721447969895724752ef66089a1be290bd","1","No"
"0x5fb998b8024e38867558fd5e2b87b6d13da730f8","1","No"
"0xa34095e52c0cd3b89180dc7ec4a6215291f072b9","1","No"
"0x665afabfb2996509d347868249e6753d6814bd69","1","No"
"0x5a944ba4546a9ecba5a0ce00cf5519bb15c4c5bb","1","No"
"0x115fe23cc037cbe68d734a7056613bcc39b75c5c","1","No"
"0x94d210fc86dfc4393a8e3c78e6c4bab25dd52988","1","No"
"0x927a5ee3a5925ecc532618f9a6016cdfc99bc620","1","No"
"0xbb1795a291c24932fbca6a476856ac2760cae541","1","No"
"0xd1d1ae24f8ba128b54433b07f13dadebee45c441","1","No"
"0xc367db099d59a72a9eec05e0ec9879e6d2ebc8c4","1","No"
"0x384dc457a495397bf1e475005788de4e6419f698","1","No"
"0xaf047b52f1a08debe1872eec5b628da65a3be5b6","1","No"
"0xa01e30f2df3e89f841fa33b8cac536b13942e443","1","No"
"0x7227c5df9e78e178cbb6ca6981c4d23fcbead2d1","1","No"
"0x186980d30a5b7ee4b81114beff6351c94bc332f8","1","No"
"0x72fcf1fe6e5659120752e0c552013818676df911","1","No"
"0x12bf99e21aee762fe6eaca1ce05eb76257b6e1ed","1","No"
"0x410d16dd3fee064afbfd9b14173b1435ed6e9a67","1","No"
"0x0022a95a34c0de03b2ffaced0462372197af9e59","1","No"
"0x89a8194e56e423b6b77419d844509a92613a028b","1","No"
"0x6dc14c233ec44f1c090d4aa6662c2f23e429b32e","1","No"
"0x5e43b013b2e340f1855bf9b4dba4f9d4c2b943b4","1","No"
"0xd2f203987547afd2df97afccfa2331e50f2b0e70","1","No"
"0x2acd5627b137d59a652cac89e2a463588fc4e0f7","1","No"
"0x3a6953ddbc90f77fd55f26cb1980e84dc522e3f8","1","No"
"0x9f4139cc954a5635655391426dbb0b924ac606fe","1","No"
"0x177d902f15c55b4cd40b294836b846f40694b4d9","1","No"
"0x0ed746e4e9fe4443693119bf26e3dc6955bd125d","1","No"
"0x49d79500650ee70fa2d6361f0c559647dd5bcd33","1","No"
"0x63b66bb9f75a929630477192dc4d141f64713413","1","No"
"0x367bfa8121f7e4a59d5878be3e1cc4634f3d705d","1","No"
"0x2485d3019244c46314b9f35f0a5b627fc788a348","1","No"
"0xeae3bc46648b5157e811aeb2321504590b1aef69","1","No"
"0x9e2fdc54f2c361fbc498d9b50ca5ac6bd99cbc59","1","No"
"0xb8340a257799a052edb7e97b4872777e0e0d2f41","1","No"
"0xa67286d1051a789f9fad1b9e18b43644f8786cd3","1","No"
"0x54156c57241efbb5cab2a2947bd1c383919b7eff","1","No"
"0x0ac1ee3cadaa6c2e55f5c3933c4287e307d23c9a","1","No"
"0xa671041fd8058de2cde34250dfac7e3a858b50f1","1","No"
"0x461a1eaba3dead1a83405b8a3d93d042f9ef2b0a","1","No"
"0x82a9051b270e7f3df1abce16531593a80590169a","1","No"
"0xeea5f6217d2c630d9bbced31f1ec115bb61d4513","1","No"
"0x42f98af3d167477cc1c53e721ede22e8721e12de","1","No"
"0xe5c4f13b5d2dbc633280b4e825d0151ddc0922aa","1","No"
"0x89d46fb865d46eee7813871c6e3764eba4438af2","1","No"
"0x027b4e721881362efbf1ea3a7739b02b7153befd","1","No"
"0x1153fe9718b305a52237c2cfdbac18407f00586e","1","No"
"0x0401b9ae57879aed7a28c19c18fe70a873236572","1","No"
"0x971dd606f022d3a54fde5f2e40e6d570d81224a2","1","No"
"0x39584357d03278f926dedfdbec7c0fe296a8464c","1","No"
"0x15d635a01660380ca0d672b9fade70074fcfd8dc","1","No"
"0x43982282ea619877e3999999d2723354a43082ca","1","No"
"0x9bad6e4a9180fd0b79ea652e543b1980d6463f12","1","No"
"0xf7f772d517ecddb520b2ac3fb1dc8e8d2cd60f1d","1","No"
"0x05cd9edbd3dfa21fc6f05589df0fdfe187f18807","1","No"
"0x5fe785b2f589c79c89dbbafa217bd7dedd8c918b","1","No"
"0xf55d3846f3d0f1e1ceb58a8d40df3cbc8729673d","1","No"
"0x790a6bf47fcadd491e5d76ec98330b4fe19a47f4","1","No"
"0xa2c8c1d734ee21aaf547ca5aa5796213124c68fe","1","No"
"0xca6cd13723b25033c225a5d4c3e4e6c5ed059290","1","No"
"0x7782c1c31f0eed9ebf466d78beec0cb0cd2b51af","1","No"
"0xaee510d87c3632b7988e99de23da2e6bf3b5e042","1","No"
"0x9a90b0b430acc2aa6b9ffd442ed2d9bbf30e2e14","1","No"
"0x46ff4041057a1b7f2fad90fe42cc64714fc5c944","1","No"
"0x95afacb9cbab5d7896d4344f490fed546c3bd420","1","No"
"0x4d94de22f1e9cfa7bc0878e4bdbec2a0b410dfef","1","No"
"0xbba79fdb474be2ee8e92750e0636d68c65fd02f1","1","No"
"0xca058756e10e3d1535d2cda04e891ce99f388d5c","1","No"
"0xe1ba52dade82a9ac07bce1e40060585cc442a57c","1","No"
"0x68d06fa2ae1b5cbb0e82be0e2d70099e10be684c","1","No"
"0xd45e1d24e3d84a43eba0d6cbccde9c3ea6a05b70","1","No"
"0x76062f2be6d889b32378127713aa07f8ecf7be98","1","No"
"0xaab76bf56e246bac72f61ba8ce180faebe37645e","1","No"
"0xf0b49cba9d7c2ee1591a5c7f372869ab88cd0be4","1","No"
"0x8e6c25f50d4be1e649e61b331a804d11b07a5c08","1","No"
"0x9d9efa0b65a589813e62961fccdbb78700a89502","1","No"
"0xb60bea06bbd345ad0755753d58ddc6783f73afa1","1","No"
"0x209f912fd5a6e216b97b91f7f3509fde989ce346","1","No"
"0x2ea8185eb43bd6b20323c4ef8d60faac5ba32f39","1","No"
"0xfba14f741c567e527ea32927e18e41bea27682ea","1","No"
"0x696796871389cea68ad96cf2bf3d556309895aa2","1","No"
"0x6022ec04885f671818a4ff7426908e17022e5e29","1","No"
"0x4ae382dfb81c80c5f26aa561198b3a3ba4a14a9c","1","No"
"0xe091be4d5f6c7a17be69b294f69d75440ca25b59","1","No"
"0xd03d26b36642c8137c77ae8fe91e205252db1095","1","No"
"0xacdce49f8c24f9adc366d1dc8c7b51ceb84b02aa","1","No"
"0x91261a8a21040af1a09b6cad3355055f3c145967","1","No"
"0x9be9c1973850c7a78f8aa699bc6f9c1e5a747d36","1","No"
"0x2bed3d28ae01c2d3833a96f7e32d57b87a857ca4","1","No"
"0x425e0af80a463b85470a96cd32039f97ccfc34eb","1","No"
"0x5ff6f3f2178bb70ea2ad2945098586553a2dca34","1","No"
"0x032b1f469c1b011dc1c821dbc3d05da258426200","1","No"
"0x9caf43d233369522305e9c88da808a5cca3642d5","1","No"
"0xfb4fd288fb13ee17a1c7d616bcf6fab5fc562285","1","No"
"0x3f0e6f3a0380b5321a05cc941de37755e3886540","1","No"
"0xe1ccfe25c9d55bead547cbf17da4f026223c0b94","1","No"
"0xfa9666aed5f815756c1aedd8dc87f05b92bf848e","1","No"
"0xbf76f786fe15e822e7adbb70897277902574fae0","1","No"
"0x26d6992ed96e096d0149b6f2ae1cd20769164e4e","1","No"
"0xc0429229d88f64f86846f1c03f5c99f350898abd","1","No"
"0x193ed5de060e00c39979b35744b1b165a8729307","1","No"
"0x7eba74e0c54f22208266c3cf9094e1adb373f66a","1","No"
"0xd153fa2aef76f72a9f2321d89c9c186199bfd4e8","1","No"
"0xaa47321fd674b8a8f5bed1cfa2e775ef398a30c2","1","No"
"0xd687706b8fe653af0637ff1766d664717e1200fd","1","No"
"0x1b9cc83c841b689032b665425d1798c20e2a721e","1","No"
"0xd1811ada1a63f8c36064c0b2004b7e056b0b3145","1","No"
"0x83777962ebca413e7a9e73cb47c60776b6f1abcd","1","No"
"0xb744ba4f49ab0c5cd8a213100936e87464f667e6","1","No"
"0x74be8e69c582dcef56d0e358ef78ecc8d53f8b2c","1","No"
"0x41a467ab65a16c0ba4c2e35114559a6bec72d408","1","No"
"0x180615b5f71c9acb64fdef02a461b04ac28af8c4","1","No"
"0x3e303f94e09a5ff5396ae50f17314203af8a1120","1","No"
"0xe0a6b6e6b9f243d5ce38f35328021b8dff32ea30","1","No"
"0x3b9614ccfc8a66ad9d6cb9631d376b10eefa954b","1","No"
"0x1e7774ca1c6480d067c4ace8f6fad85e135f492b","1","No"
"0x461c5a5da19ac0a9602480134c996996c7b948f4","1","No"
"0x3cc1a943b27c2af7c6dcf3be0137f66c2f22e712","1","No"
"0x8ac18b58594ee4fe81363031e929eab96892dfe2","1","No"
"0x57f6cfd758ba665476a01388ab5408830791557d","1","No"
"0x5f32d99f52db810d32bef3e50d6533cabd9dcd4e","1","No"
"0x3e555f3663b7b5235780062add5ee3ccd4a3704e","1","No"
"0x7f3535b21f9747076d0f4a4d7c8328505acc7a69","1","No"
"0xb7fba37747881799ff6babf08c1ce79c04ad148e","1","No"
"0xfa41df9bfbbb415d740d5907b9c5f5bd0e10463c","1","No"
"0x859cc1f10728db64b5a27e034fee9ea5607b4776","1","No"
"0xe270dbfbbcf4c33b1858b6559d331b3bdfc53305","1","No"
"0x8336d3614915c15bae495c40794c00b85b158ab0","1","No"
"0x32cdb45dafdde02bd285966691dd8a8b4af25e6d","1","No"
"0x7c6af6de502574ff4ec08449e661452d89dd11c4","1","No"
"0xe31e449dbe90a3e89eff48e23b3a60f9e7f62e34","1","No"
"0xbe8994684d2a570a84c3ac28459bc83e7d80e3b9","1","No"
"0xe72d4a09f4dad0db25fb0d8afafc4acffce1cd07","1","No"
"0x370e06899e9d38893dac4e4a9d163c574f69ea2a","1","No"
"0xe9572718a87a434b4f556bf9be2cf740d29a8b4b","1","No"
"0xc03c52909a35b4109de12494ac4b369a41497788","1","No"
"0xd71d40c047a2f1ea5b523ddeac03a9024d82f618","1","No"
"0x29a64981d327c2b4893f1bb84aa9a6266efbb491","1","No"
"0x12ca01904baa4ae2612ec65edb64474d3a8a1f4c","1","No"
"0xc626fbf6a0cbf75376117e656c5681d009fa3b57","1","No"
"0x4c2a6c5d15502c41c4d290f5ddd600878ff31da3","1","No"
"0xf7ceef29f15967260e6cb3ac56ea915d5834a141","1","No"
"0x47e8a1114b76c9696be3f833b61e1f1199e12664","1","No"
"0x2109e8f0d92f1f850e3a6e973128c751a1f33968","1","No"
"0x8567b0cbe707a6b4cda39996022638c481d72024","1","No"
"0x56bb55aaa1102801742af12bdb66072e8b547e85","1","No"
"0xd1e592666519dc4b45cb770ff60bc828331e8a56","1","No"
"0x16f1f3a0fd7806caca3751ede11568397dd0e419","1","No"
"0xdcae87821fa6caea05dbc2811126f4bc7ff73bd1","1","No"
"0x30809190a496804ae87a5271ef60fa5110dcc501","1","No"
"0x128086fb203c4e29af7878d157520abc4cf65da3","1","No"
"0x24da444834c9b30ae6402cf0f36b966277998a5d","1","No"
"0xeef19c9ca806fcdfa5744ae9b6834a9dee57bbfb","1","No"
"0x2535e1d9ad1c77f0d03c8a18a23b9aee5b69ae99","1","No"
"0x46d6af1bfd1994b6177b4dc08e18b51a699da3c6","1","No"
"0x50ef16a9167661dc2500ddde8f83937c1ba4cd5f","1","No"
"0x5dc39bf73e6e871146347c3eaa6c3f840dabe5df","1","No"
"0x23ef4f8e951a2774f1d18b4d32b7dc6be14b103d","1","No"
"0xce4d9ded3ebf2712081f32dca6b84138c818a939","1","No"
"0xe155e642d8b455559819e1b7560914035a91b937","1","No"
"0x7ac8bfc6f1842c1a7c1b9a1e8d60972e79075766","1","No"
"0x67e8bd531840ade088c18394f151731fa937f355","1","No"
"0x6077b0148fd65b15264d5a174469de3bc18a0743","1","No"
"0xa42d26ab5ae3d78bed19725fbabcf94ba7a9308f","1","No"
"0x45cb1a8b64391831c2d11038c10f6104bc59c804","1","No"
"0x957832f90d40df76197ce6599740339142dd22db","1","No"
"0xc233776fcf053734224ab23be2bf7a1bc2ba9965","1","No"
"0x02e5fe70e87f380cc92a5e8ec80ce5aafccd3102","1","No"
"0x9ad9b634413d809227e3884dcb8d7107539c13e3","1","No"
"0x18687e9f67482137765c8bf411fb97872918b8f0","1","No"
"0xda8d2e0375704df712219a791bad2c926bea3f3e","1","No"
"0x3a4c12011dd6d23e47aef923fe370b563ccd2b89","1","No"
"0x88889778402dcf6cf363bb9ac47f7a2d8e77a2af","1","No"
"0x14fb761f392299fa6a8d0db05d1781948fe74b0a","1","No"
"0x991c2560de3a5653c82f69975dcde3f1559902bc","1","No"
"0xf8291f3c543391bcbc3c89c5bbcb131b833bbd53","1","No"
"0x862eb245e19172dc3da2e16248ade9deba757004","1","No"
"0x388ebb5528d2c35934063f51a1ec15935a8921f9","1","No"
"0xb51b7fa29b9fa81b45938fc1611bf95361d02c6a","1","No"
"0x4fc4e46a5cd1da52346f4f1a0873ae188b974893","1","No"
"0xcb92ac2f2408295d0f947679239c5672df918306","1","No"
"0x1e8c83fee64f4ec810f0584eb4c190808cc8f264","1","No"
"0xd4abf403be573ef02a80c43d0480788b864828e8","1","No"
"0x11b100b87cba255db237dd13499a6cbd1b6abd8f","1","No"
"0x9a35ca714eb802bc39d3a1ed9b5f4dc9d7ec6f62","1","No"
"0x60bac7af5185e674d90da0fa49efebc19a1443d3","1","No"
"0x2f64b9c5e4b24eef6c2003406302f0dd92ae9b56","1","No"
"0x67048d9a2095fd9f9979faf1232a9757f2a1673d","1","No"
"0xf2eb09f32d37b8d00220f79091e463d7635c1a9a","1","No"
"0xa39fa33016c5b0158bed1039c0b925606be4d874","1","No"
"0x97e34acbf60da2cfcd761a4230458fee7888aba3","1","No"
"0x7b8fb93e5f0d568df4d2ff21098b127943303368","1","No"
"0x1451942969a530fbd802c958d3228ba73a764c39","1","No"
"0x89d4a53c3b0ce43bbca671d1bab3a80e8156db4b","1","No"
"0x1c651928150daddda9c2c040a9d4901d862f8ec4","1","No"
"0x15e9575519204899e368cc5c8e2b03b4efde0356","1","No"
"0xdd4659f6ce7edc9c57378c2953e684b04da8640f","1","No"
"0x4ec2f9588b7bd0f4976651d2b6c7315d6b866f15","1","No"
"0x225b996977fd72e491c2df5679076f0aaca9f161","1","No"
"0x4d41baacfd4e2632f8f562193e94c0960e7da549","1","No"
"0x6b67a0bbc1a9514cf82d46486bd5cb3d64640e5e","1","No"
"0x9882b917c115534335d1fd728599a938698fd823","1","No"
"0xa6656aa654eb4c25a2ff2f050d284a88bd30874e","1","No"
"0x44eff5412b378fc353fe83baa6c4e813ed6b58ce","1","No"
"0x554a285c2731b4d3af290856204ed4a5e66ddda6","1","No"
"0x07625a6fa1604daf7acf7e95029f62debf6a616f","1","No"
"0x6f43473d7b58f96c0c7760e2d64a1fe207e879f6","1","No"
"0x7e277d466733f9bdd1fae8006c3b10a941d33ef2","1","No"
"0x2ca212af7e65631d46a1cf406427f257d2976a71","1","No"
"0x644e81e683f2fd055da217ffcd5b7289b040e036","1","No"
"0x078ad2aa3b4527e4996d087906b2a3da51bba122","1","No"
"0x069fb6b3db14b7652419a320e883dc6e79566c63","1","No"
"0x189ec49a548253463ef494875137b516232d273c","1","No"
"0x1226d4f777a10180d598350a38a1c301fb3a2217","1","No"
"0xa70d7f3ed45999510c90e36b21ab62bb10b9b932","1","No"
"0x524c6cd6e61cf59874052776b7cafc98c203f931","1","No"
"0x62f54a1018be6b5ada503c1af2674b3d7eb8abc7","1","No"
"0xe28cb34ef5157868950b9fefb2088325c556155e","1","No"
"0x1951429db875b8954776a19980dc7aa816fe9402","1","No"
"0xc866ec4ae50f1dc3356c447de88eaba926a9b8f2","1","No"
"0x639fc0c20f72b7468b31dd7bd484308f0cd430ff","1","No"
"0x6321055070a056c01bae6903956be997b74200d6","1","No"
"0x0753fe5b29cc6dd9f53035a6d7565c33b19df2c0","1","No"
"0x4bfa4324dedd5f721600e0e796edd9c810d1533e","1","No"
"0x30d0542f36fe662fe5cbef2be1a2405995da784c","1","No"
"0x50bbf26da44a3300e255d27aa5375904a2e0b4b9","1","No"
"0x33cae73730ce94779dd9a12aac4d943c74a78afe","1","No"
"0xd162ffe75ebfff74769bbde79f0e1452376e5a43","1","No"
"0x27585f27745cc5abd0e803e62a0229b003194214","1","No"
"0x53c218ee4b05f817fab41afd2c66fd92550a8888","1","No"
"0x146f7de075e5f32bc66c15a6cb76458dbea0dbd4","1","No"
"0x5e6d4e4c124f6a1f88711a1dd51afcf7fb83958f","1","No"
"0x514e0024a54b6546e298949ac16649e846c60fc7","1","No"
"0xeea583d4f97012c1e90f11517baf061fa6b759c6","1","No"
"0x73b5bb94287e4ae276acc4dbec4cc37473be8708","1","No"
"0xcfaa33cdba2decf9bdc3a364989ed4eafa2a0a48","1","No"
"0x8b1f3178b6dbfb5eb6c0d0207e2de1a41ccfbffb","1","No"
"0x2ad855720db32aa0ab40f6344eac54e1fa586287","1","No"
"0xf081f04391e5454b00b1de0123f61caea2c728d9","1","No"
"0x82abe4b284d3c4bf22e648a89a781184a669ffd5","1","No"
"0x28160da6adce72118d49b8707225517f16e5b998","1","No"
"0xa4fcbd078ccbaeab0aed2f250aa3ac84a588507f","1","No"
"0xf0ced1e8f4b4066c90bb198c4450ea0ee0550503","1","No"
"0xceb7f478a892d0584deefb1dd6c16ada380d002c","1","No"
"0xe8b6df2cd3c680035ffa0fccc5ccc941097cb9ab","1","No"
"0x90649222cbd82ea2fbd6f99848cf474dac51f71b","1","No"
"0x98bc8a3e71eab9f666dd9efe825d43ec2f44a5ad","1","No"
"0xefb5d0f2f321afc6da52c71a2199bba397be90ec","1","No"
"0x542206e112ad59bb2a628ed9fba1f1406fbd6300","1","No"
"0x2c7178c01c1dd01b4200589a43b1d17fd6220afb","1","No"
"0x6e38827c684883756b02f52f03da98199e39ddf7","1","No"
"0x0a39f084ac9783ad3e089a3eb85e99c01934c548","1","No"
"0x94fa296e04bf51fef3220c3ce4021f86333af34c","1","No"
"0x88a589bdfe639a24808124531737f2f9d6ec7ad0","1","No"
"0x2ab3f41e08a6c298493515d06eae0c686521efa5","1","No"
"0xffddaa7e9c2554cdb7b8118d26561318cf85ec4d","1","No"
"0x3f1a421b47c5a9ec1025475a3fd3e99ce20616a2","1","No"
"0xc6e18d3573e8f6fe3b337c159429e407b6f643e1","1","No"
"0x67623413a34c7e7c63c25eac3092b3f6cd36c5a0","1","No"
"0x934f65520206b5c956ecb5a904d3391b40e096c7","1","No"
"0xc7ca2a6912e5f0ec4923bccfcb803b5b9b01a543","1","No"
"0x2e21f5d32841cf8c7da805185a041400bf15f21a","1","No"
"0xab34b6f132df3d9a1cc17d9c7ffe810ff45e4112","1","No"
"0x413e9d7b5a5904d9a842321264beff7908a3eb12","1","No"
"0xa5e84e96725eeb80ff86c7aec27938e0f91903bc","1","No"
"0x3f9e3bff295ca4430b32480ff3d729b4c95cdf82","1","No"
"0xca1c32da04ede5db708bf8c7d93261eff20a03e0","1","No"
"0xc152f70fff449af9149c97d4b8215b8dd740aa54","1","No"
"0x97a0712c36b1dcc08495189c70e99fea1b3c9e2c","1","No"
"0xa521fcc0d494f253b10d54afe80c868d19a55142","1","No"
"0xd48f5db92c05fd2b1a97192445bb68b25e705b88","1","No"
"0x0c5fd6728fedbfb5825dfe587e086f6624a372ab","1","No"
"0xb2fc1aa1f0d5fa9d34b9825b965c8c5fb1b172de","1","No"
"0x92c7f01692db6ca1dd0daaab7eba80345e97e277","1","No"
"0xa1878b21ff36823c2e518bb591c50aa168ac7626","1","No"
"0x78ea2f4f3bb6479743f1afffe4dd7efa3a93d11a","1","No"
"0xc4e6cdd3e1307d0f9a16dfaf858a4bb512b8abe0","1","No"
"0xc292d0d77b069a77fc2cc23dad4466c7406a6940","1","No"
"0xe21250c96d7eb54c1dc3c17c2f48d6241724d58e","1","No"
"0x9c467f50421b8956b7d5ef5cbf02f8031a51e0f7","1","No"
"0x6de77de0febdc1bc27f6c234854ce84395cda1e7","1","No"
"0x2f10ec6861f7a25dd00713adbe87d6817f99d658","1","No"
"0x9cd26ff894dca940a5b4ea760efa544cb6f95910","1","No"
"0x72b4da4016aba397118eaf98a6df3a4eaa268ba3","1","No"
"0x2eddc06a721dc192f5903e8a8b7888b4c2c34078","1","No"
"0x26266c388896cc2f018296d28cdde66b39b6bfb4","1","No"
"0xdc049c192844f484ede51473ccabb4296ba44f3e","1","No"
"0x09a0edd5f583c1a28f4fb75157c371178e9e628a","1","No"
"0xd7e87cb8ebdddec1d42ec2e77fe311c3c1f7f35c","1","No"
"0xfdf09e5a8972117ac3f68e084b903d8661fe664a","1","No"
"0x7d6980fa5a4762e20b52fc7264d9853fe856b69b","1","No"
"0x62f833a46853572a1e24650ebe4d47bab445f096","1","No"
"0xe5366f01409d5b703b1bd67a4dd8e9040bd6a0eb","1","No"
"0x789774d0cc649567cc5d69d2f6fabd54cebb832f","1","No"
"0x3b74c3f17559e4cd937c5bca4bc86c23a2b8a5f0","1","No"
"0x4a5139eb46fb4de32d838d66c52846618c57cb37","1","No"
"0xd2921a45bd788995f4b6eefcf1451aafd5ea8a81","1","No"
"0x2f76da15fc80900cd89cb414f52c26bdd11ed194","1","No"
"0xdf9d1c84bed81f5ea591bfea210749eb870b9e1f","1","No"
"0xcbaf22147641aa7e96745d2920dc256735a8fdb1","1","No"
"0xbc1883bca3edf2bc6ab17986156ad3ea83e965cc","1","No"
"0xdaa1d1a423304e417ecd43a920e84ae9eef726a5","1","No"
"0xc9df577d0b5d895b4304676c64fac66b41838fef","1","No"
"0xc3be26437b3a73c08646458b3c9bf4d9f4fb36db","1","No"
"0x736d4225faba6074598dc29ecc2bcebdc4877399","1","No"
"0xf3e5733911317c66880200f67529e69e67d87ff6","1","No"
"0x1947d589bc6f2835e99e7d3241ea669244ac5eee","1","No"
"0xd2878431a9789344691037a01a3c3cc90ab56d47","1","No"
"0x5380885aa99effc1d56d66f0b12a358eace73f7c","1","No"
"0x3706b42c507bb8ffdc9eb584908ce5adb6a4f0d2","1","No"
"0xeea1b1278ed88951b9e7bb26e8ccb53d95b47b82","1","No"
"0x4627ff7d4bc91de9cd453a254cf74fc32927568b","1","No"
"0xb266f141f283fdb9dd59c9cd5b9a60ac7b372ece","1","No"
"0x4f0d27daeb130cd6d08dc94831aa4aa9f8d57e29","1","No"
"0x6ac5364400179858c7c518d17e8b191b9efd07df","1","No"
"0xa0c0b68422445c139d7e0bc47287a32d401dddc8","1","No"
"0x7c90cc9539a312b66f75b1779d2b4ea9c659e992","1","No"
"0xf23189fe26c24652b0c6223cf1f19759fec16dbb","1","No"
"0xafc6e21609329c61d121c5db2bbfb9218466e5e5","1","No"
"0xebbad18233c9fbdc34c46c3cc505a75dea8b2d03","1","No"
"0x3a91b0fc314c1f5036ffb15c6216b07464950dc5","1","No"
"0x9932a1d269fa18e439e38990f8fbc2168ecdb521","1","No"
"0x5c10012d4836ec63e546171190cff728ec29c384","1","No"
"0x7f9870f00eb6874185603c4feb6467a09241316d","1","No"
"0x7e48107dcfab5de302910d1b9b0499b21b9bab0b","1","No"
"0x2000a679e82494b0f1952c0c5fda8dab4ef3a1fd","1","No"
"0x802ddd869b26376b2a7ccf333156c69bf04fc4ad","1","No"
"0x3f374744b27241886d289fa0a2019fd0a111d973","1","No"
"0x7469c33db611a785fe735722e26a8e664ac7063f","1","No"
"0xf1c9f1e1a08b88fc3f4a85642ecfbce8f5b62b56","1","No"
"0xdefc0cc4aa37c6fa5a95615927a5c2bd632758e7","1","No"
"0x309ef589e8dbd05f69ee065cf11e99fed459c820","1","No"
"0x017efd148e4f0d6ac69c53ac5ca1ced69eee48bd","1","No"
"0x2701bc315b43b068af621a4a535125a557e4266d","1","No"
"0xf220f3aab136a5d57d047276ab5fdf523d08fdce","1","No"
"0x2bd4e272dce3dcd4eb8df99bf41e7a8d9e2806d1","1","No"
"0x390806de1baefbbbcaa7083125fabb2457877586","1","No"
"0x10ae2bdb83acd25aef589875141790afe8772023","1","No"
"0x3f04bd53631d28b347d7d830572bca0a7c0ea7d4","1","No"
"0x44c493cf631bbea98bdab97bbe2bf28035e98548","1","No"
"0x4adfc1f391bb6cdd1b78810fea178b4f5db0d4ab","1","No"
"0x7abbbd395122b975c547d2be41647219de250c1f","1","No"
"0x9a7f048d27583e1752763c0d2b0895de8477b834","1","No"
"0x38e98993c2bff9716759b5f6cc9192df98bd4ad7","1","No"
"0x3405fe4ee4744d506d7757f88551f70b4dd16942","1","No"
"0x5f8de289a4b8a97bfb5e98921bf8711303171873","1","No"
"0xe952e5a7324a5275b5327b3e7e8050de1925de96","1","No"
"0xf584f29c4f9d824360a76a9f2385f839f91af1ea","1","No"
"0xf2ad862a332e1e0f6696a73dc3d8f33de45d66aa","1","No"
"0x4a1787b98b849dc6bb1ca2d94b33a71e8d739932","1","No"
"0x37b241fcd313f19106d1453486226c503101e1b6","1","No"
"0x7e0b7017d6c4a10c74877e4ca2d572826a7f0009","1","No"
"0xb053ebb1e83423a98507b9b4913c4836712c4d64","1","No"
"0x294b0f63846b47b98ef8b1644bdb07e2ea5f6146","1","No"
"0xdefd781cb1a93e8c21f4b0b20e3558b0579f7b6d","1","No"
"0xaadd96ebe61680e3bbe045cc02414d75a5fee8fa","1","No"
"0x1b2000cc8a8b801548a3e2cc20da3d88570fe812","1","No"
"0xa5e714633e3cc926f6749a70deaeca5e3eb2a273","1","No"
"0x05667fa5e6480303f44179e168911d8cca18d7d7","1","No"
"0x8b8c83d9103a23764e132f53bc70d319d9ab244e","1","No"
"0x948793f8fdb6e463dcae37d9a379e02dee736ca0","1","No"
"0xa6ea85a98f724a6fd01abb4389bf31dc9f60a23f","1","No"
"0xb3225aa05312619b73e62d7cbd0f72ac9c695e54","1","No"
"0xae74539706420aac703c3dfe987e52ea50e1cb68","1","No"
"0x46d3000ceb16769005916b331a0b9a9483e31571","1","No"
"0xc12b224118dafae609b7de570a4aa008a32c0fb6","1","No"
"0xaabb612b1253713b3d3e15121b9fd2bc1f07ec2f","1","No"
"0x873232868915e50440276a034179031e81a56e72","1","No"
"0x91e40e2290a1e4df003776a7b9423fc7a75087f7","1","No"
"0x8f7224a53f9913112d726b7c41425a82214875ee","1","No"
"0x27bf2cad9cb009b3afd8e1246eaac02e28da910c","1","No"
"0x200ef91431854c4c3ca979b1018db37ac3b6b7c3","1","No"
"0x4de35f7747eda91b08ed5acc5da4b0a07424700c","1","No"
"0xa06c1b8ccf9356ace4c5a503b2dbc12f4b236e75","1","No"
"0x6c81503715cd1018a1020b455d33b618b8c4911d","1","No"
"0x5b3776443978895c6dc3ce49f1b7c8115bbe64f2","1","No"
"0xb0af9c6b9ca7681e0b62ed2fe1807ba666ea9229","1","No"
"0xb51be2aaefb77534c72b5e6d2a6a69e2dbadf69d","1","No"
"0xae1e541224ffafb40efc29399b24e0ff9ef256be","1","No"
"0x807ea732587d00249801159c59bf2c53c6c91527","1","No"
"0x7668391b4a7cd31957f97a0fc782410ffd184017","1","No"
"0x462929181fd92debd3dd180e19885eb97b18b89e","1","No"
"0xfda742a37d219c2c8b5c2f1b9dab1823f39035f5","1","No"
"0x1877ae936f019f23821837ae0742d29f849f92b6","1","No"
"0x7c9602671521d2a946d98f6cce13a0228e1b66d3","1","No"
"0xbc63cc342448794dc08602ae2c78d0a0170d4051","1","No"
"0x7ddac40a1318e470d40496076f01d1c14ab233cc","1","No"
"0xf080cda1771a73530f4d5cee69f4bd8094d6ab04","1","No"
"0x895ee59240815a99b19e9a4ccbb82a726da92dae","1","No"
"0xf6a53e4fce537ea7942b4d2af812b7995fbb7dc6","1","No"
"0x4ba8be84b3632735e915c9888f3067230c83a458","1","No"
"0xacdb1253c139103ae297509f60dc612bee2cb118","1","No"
"0xa3c2874f622c66a9744b37dc379f58218e766c25","1","No"
"0xcc7db29bdf4ed1d463a341d16e60cc1aa265b0e6","1","No"
"0x4a71a739febccd3304c06db1204f0e68fffe9159","1","No"
"0xaa86a89bac6a0b66a100de5f86ed879d51344740","1","No"
"0x8c522fcf820ea1f845f9a4218e3dee5c03a33050","1","No"
"0xe9a2a8c8be81a35753c3050d277d083f33ae171c","1","No"
"0x047b54dd5e48f7c4c0fb4d728a66cd7d78d697a7","1","No"
"0xd3f64db517e722a103599ee406be7db94cbe72ff","1","No"
"0x1d6105c7a7f15dd79035b8f7bb5d58f28bd2dae9","1","No"
"0x9688495cbd78f9b84f4a3f51933a3f74cc8a68b9","1","No"
"0xfb8d25fdfe12a090e72ec5e7d3f95cf5982b2305","1","No"
"0x570353842fd7cca71b18c10e7d3f5db3f939a469","1","No"
"0x94d465caace0cae204bf510ceacc92d99f12d875","1","No"
"0x8a2ecc21b3a9922ea3493f8fc20a499ddbc1d90a","1","No"
"0xf132252f0890a92a9d6983482d4170f75a53aac4","1","No"
"0xe6f093fedf2fa181709e00d74a304f5b4209a199","1","No"
"0x051fd0eef0a5d8c8685303b6b3dde0793a88c679","1","No"
"0x663af35d836d1eb8c8acca7ca6a63c53a3677a32","1","No"
"0x27cb4a6691d5338aac0af173873e0c3f69d033fc","1","No"
"0xf51326205e754847f66683aa410333549c31ecd7","1","No"
"0xcd09df2794bf47775f5cfa6d5e090fa2c3f8d508","1","No"
"0x8d24fb5068a297710d3072422d209251eb9a8614","1","No"
"0x44763b207316b55b3f94ee909e7d23937238cc44","1","No"
"0x1dab0e00e80dd5a9fb78a29fbc4960a1b1da3c0d","1","No"
"0xf7d33c092defa6c29908887e9bd43f26cbcba91c","1","No"
"0x1b9003c4800e8a58a8628f3bba3f599875903b53","1","No"
"0x57ff6ddbb3327d0d3f28d10cda5eef29d60312fc","1","No"
"0x5741dbd96b1e12564a0449ef0763196c9e40d4f2","1","No"
"0xe731aa7ee95a51a7c156dbffa52dc21beeccd3e8","1","No"
"0x4c99ec2ab43178725ba5dd7fefaf97dd4bc3f45d","1","No"
"0x3b5468f7fd0c513cc0425043e341b4cb4a1c373d","1","No"
"0x50544283806278b4956d98183693507fa32da71f","1","No"
"0x85f0769d80f5cae67e745247721e89748e688bae","1","No"
"0xa62d777ad268139a170df66e3c7ee415a627117c","1","No"
"0x6a23621c05a1063996ec92f369232141521d1edf","1","No"
"0x8cb4736bba8e7e539bf343fbc8b9f9a267afe1f9","1","No"
"0xc74cf7b47bc6bcf69620b7001814c0ba88b44e90","1","No"
"0x2996e550775b07e1aaf4fb16923616fbf01a495a","1","No"
"0xa4fa2c88edb2d4ab33d770adca89bb819579037d","1","No"
"0x9999707be88e6b1c098aa8372243a0ad5eef1e74","1","No"
"0xe4198f150fd18a65c8a6eb6076a96f192856e006","1","No"
"0xbacc38f55377f9b306f1f90616cc73f5fc4796d1","1","No"
"0x20924380367978ba5bdd5930401de4dbee729453","1","No"
"0xf34ca76dd99e5520821796bdb41eb600f522a43d","1","No"
"0x88b01f87e46661be050df69cc29c11eab53d27de","1","No"
"0x73e2d6c48640842dd0f350c2c80f9ac15aeb64ad","1","No"
"0x8eed09cebc8cb4a6d22d2e348d94f66e4357b946","1","No"
"0xb32978f506c44890a9b7e8c087e2fcc82c9b4ca0","1","No"
"0x0f9d13d490a8d81f4c09392a3a0998e908cb8442","1","No"
"0xe6b3520fb4df3cbb03d92061732329ed14532cd0","1","No"
"0x943d1669871d4cb93b04a3875d320bdf5eff9fb4","1","No"
"0xd4a6e9ac79371ded61a3c8f305a4d4c910541faa","1","No"
"0xd853af4de7895d99ad648031b9a85f76528e7dac","1","No"
"0x79869e3e36d32fc490f6ff6c6f1fd8fa742e3eb6","1","No"
"0xd1f7336ea2158f1d698b0a61ff9b8f23efc8f2c4","1","No"
"0x4f511417733b0beadc2711a47b2cbbded3e47b19","1","No"
"0x87f5221f89bdb8878bdae81d4813bafdaf16febb","1","No"
"0x423eaaa90284abdf164f50e207d202d52b570499","1","No"
"0x3b7b948a7d56c9fa2a0a59056bbe8e98daed4f05","1","No"
"0x262a2838eb5c2af451bf3890e1d7e0d8c0d9f1b1","1","No"
"0x8eba1a7caed48b72c40abdfaaab7db4959fc7dda","1","No"
"0x801142d9dc64c9b8e786247b8f86053222083ea3","1","No"
"0x15513310f0d13f64737059d3503113b2bc9d00fc","1","No"
"0xc1c2aed963b4dd36f102b598f0c78d3ba960eec6","1","No"
"0xd88ec82d932c638c87e3d3c010e850291315fbbf","1","No"
"0x5a94b5b29d797cda973d286907b31619c5c07189","1","No"
"0x94dd6fe706e4637f9d3b06721c3f92c229f6aa45","1","No"
"0x9f41b4499901d545b98f865f46f2b025fa2eeeb0","1","No"
"0xbe327952a0680881f2776f1d343551603777e5a7","1","No"
"0xcd4d6ce51fd6dfe5621abe5bd7076a5698422460","1","No"
"0x85c6e229e99304f629e08e21aa9b765efad03e3e","1","No"
"0x87c6982e8f9449345c497b26448c70468c214c51","1","No"
"0xf6701a48a46a31bea6c4769672c2703633d4b733","1","No"
"0x71f57785e57864af7d8a0b0c11afa093d5d4744e","1","No"
"0xa8216968e835bf50ac514cfd53bd1c09a8969a38","1","No"
"0x8675253f523158b257f16ccb3b605b7d93c1d7ca","1","No"
"0x3be4c96de1145b487b9a81db973104f2623bc6c9","1","No"
"0x236d6a86d1eb2802b0db16587f344dbac46d321b","1","No"
"0xa6c76a80055641c340319caa176d7d0ba561e556","1","No"
"0x78dad49fb56f7ad73ecd3ea4e90a2214d9bd635e","1","No"
"0x34cbba890be2a9c577622c5a611cefdfba6ed1c2","1","No"
"0x094b82b7375488ba3ea22d7c037521edce89fb90","1","No"
"0x8dc6509efd6bdf72db111feefaeff2ae52b5cbac","1","No"
"0x65e50b323f3606b1a457dda36ac83bc944eaabd0","1","No"
"0x8d894e6eb23ab08e23ddc3f8811c12121c52a5b6","1","No"
"0xc30e6831d36d524673df8df4f11e82716ca2f895","1","No"
"0x234194600711fe27507b2e14cae1b60d402120bf","1","No"
"0x2f599df3e4d950ab2fe0f70f63d3a4b980052ab9","1","No"
"0x742aa83938385b63ac72bf2a92a6fdd67d30df71","1","No"
"0xbc643af55e98a70807a5f01b26ec3a69773b0c7e","1","No"
"0x672a29b34053ee64fde2cd98d50677c794b8de13","1","No"
"0xe0aaa05401afd75985feb1a16e2183d5bcb11de1","1","No"
"0xd82135c4ec4eb86ef3c2f49e926220379f6f7085","1","No"
"0x4b90c823ef83e0cbf41a4f7eefdcfb3614709735","1","No"
"0xbd55aa59d324c67b5b684d5caf20d9d219d2e865","1","No"
"0x31f4f314e7cdd8dcebe47cc29c10d173c01edc9a","1","No"
"0x21e27a79525a7c97fa6d22a95f7b1806fd4b439f","1","No"
"0x3f56e13c9a18bfca9b8fd78e2919a06f0959f8da","1","No"
"0xae5c67463714e4368c0a2d88d03fa590906e5161","1","No"
"0x53e7580bfc188ed5c1808a7c443fde3f77739574","1","No"
"0xdf16fbaf44baab19b3e150d39ec910735cc37709","1","No"
"0xb9eb41590e077abc342b9a6999d0d6175d4f412e","1","No"
"0xb1ca5b89acb4116ff97742fa2da51089692f905c","1","No"
"0x9a5bbc7b701e2d98de587d76fb722050d8aba9bf","1","No"
"0x39531e8ea5003c2778df5b4d8d95f472c71ca68b","1","No"
"0x4ead2b69f5247c2578f227b32a95bf0f9b0bd514","1","No"
"0xaaaa344919daa3a62f29a7f021bd1e2df8d77a19","1","No"
"0x00ae0ba5f024ba8182dfe82d9d7d736727aa6f58","1","No"
"0x43f951609291ce2d35203058308a341f916edb0d","1","No"
"0x52dd9f06597574acc48623d818b9036aa4caca1e","1","No"
"0x9b712881cd492fc5f6ab6ab7bbc8ba0f7b8c7a19","1","No"
"0x153e1916ee81c09332ff8f5291f21ecfe90cc7a4","1","No"
"0x1db3412074c49acd49bad8983a506048c44df721","1","No"
"0x2a7368d04b74a3b1187aac846e1f2c5ae6311260","1","No"
"0x62363a4fc13fa1dd706164c27631ccb57c014066","1","No"
"0x9425ad5e801d8a8cb589b07feb8a3c87fac6d643","1","No"
"0x1b1a5a8d3d0a83dee6b7c4d492eecd8cbdfee4c1","1","No"
"0x70fb5962eb4f587998d5feb1b8fd9e51107224a5","1","No"
"0x534983494a7c0179f38a3f61d892f21dd5b6df3a","1","No"
"0x3cdb8d724fd9fb25c9977dbeee9ed2d9c334ec04","1","No"
"0xdad19fbf3630c7092c2517a3fd032e4af60cfc0e","1","No"
"0xc7911ea58c8fab568dea19d66800de47d3c063c1","1","No"
"0xfad9d1b2253c138f0a949a5dd940e5b776c72ece","1","No"
"0x7d04102d1997bc72e095a93adbacdadc6821f251","1","No"
"0x2a9b989b35575aacf60f1db147c90194d2188266","1","No"
"0x6685529d2a7622620c68c3e792c1641a803ed893","1","No"
"0xb44c97ab4e44d9cfeacfebc33c963b38c476e839","1","No"
"0x8fbe67bd6c4a27f599d3f737f28979feb9d19c5b","1","No"
"0xf41509cff74a543623660df4263b3290b332055b","1","No"
"0xae34b7c00d5c58d9e9161ba84b41fb4df2f86030","1","No"
"0x5ac50aa18035c889b59db658937ae02792742709","1","No"
"0x71d1288c631f39fae874171f4f85ef3b841f228e","1","No"
"0xfabdeda587ef60289a7161ee9b61f2dd7e6f4030","1","No"
"0x96e65f66f8e66593cf5c980a05cfca70771e44d3","1","No"
"0xb3015be7416403679445ab684987c25a4ad152bd","1","No"
"0x2d3ebc217f0e201c2fced399073a8ccb07323fd7","1","No"
"0x482b7bf144bc4742e159b78f0642c677b3494a6d","1","No"
"0x1343e5ea1bad4636491596e63ae17d8364da3ed5","1","No"
"0x53e232cbc8636ea2d7cc0e80bcd1e14a38a409c3","1","No"
"0x781ddd1be5b8ac2f9ad252493ac24865acd0e92b","1","No"
"0x2d9077ebf34f574632db02e79aa2a71c594b53fe","1","No"
"0x6ab66e0eab3ab9e8846225814adb8c5780e45612","1","No"
"0xfdb209fc3ddd19d8c52ec3a11fa2a53c158ccfc6","1","No"
"0xadda06744d83fbfa5abf9bf5ae90b71407dad5dd","1","No"
"0xc4e82acc014f1a5d2eec99917f4d903435bf0c79","1","No"
"0x6a0ae54e7c201ecb3e6cd6bd53637741a9917a9c","1","No"
"0x05c9e8733f4635e300fa0589c0f710899badd9fa","1","No"
"0x6f24bc6af9c0e3407ae37fe259d7babd28bd2dbb","1","No"
"0xc5e9826ba88395f04641c17c518771c9d2dc5ec8","1","No"
"0x09c9ec4b74a4706bee308524ef934ce5b5eb0de1","1","No"
"0x4f5140eca9644d8192db71920891160df725d625","1","No"
"0x001932b93995a87772d6456fc945c33e47afbfd4","1","No"
"0x2f1c2b83317d416448fa258c088f0e176b83c258","1","No"
"0x8f9bd9ee621a93eb264f8ad47762b0ffe8bff628","1","No"
"0xe012c8b0cea346d502758960b6f75338269516f5","1","No"
"0x45f9f68341884721aec9a2df024263c40bd991fa","1","No"
"0xc0e32210013eaa6d4d86f225a52a03bf4d231f1e","1","No"
"0xd5f13a6f02db7990f5c5800f90fd3322663ef3cd","1","No"
"0x08b1b0ef7134159944ff5a199d8814b269e6ab82","1","No"
"0xd472639ec6002d1cba19d889b59b1418282fb310","1","No"
"0x728718c055c69a43c43609e1f3c3dcedcb8ebd79","1","No"
"0x55842440eba809ad6e6e0b96988ce08a6891cf70","1","No"
"0xc6e543830034f23bdf45b545ac3adbbf47aee50b","1","No"
"0xc34790d2b29b516b251bed14b8fd25956a42a0a2","1","No"
"0x13ba21ee077bebbf082bbe74da11d2e69346717d","1","No"
"0x026ff4ae44001cd8ff13ec51cafdeb491eda5060","1","No"
"0x6b73b452753fa7f8d892c68cead2933f322ea8f6","1","No"
"0x55d35d445923f4eb143f1b64cff6ee4a839c96fd","1","No"
"0x7d778f451bef13d8f55158a3dfb58beeb165ba98","1","No"
"0x6b6f5e53ecb0f7e52d1cb4eb63ec83643f1cb932","1","No"
"0x4c0c7a78ca9c75a8c2cbdcc50939331b212f2766","1","No"
"0x6765ce37e1e25f07b08c690b86f6c3a3a6f78651","1","No"
"0xcf4dca5713888944d26bef61d521bef105409201","1","No"
"0x24028715cc63e71c91546220e44e225def0a1802","1","No"
"0x7175448e1ed5c765a1d0795014e6fc3bc2a17d07","1","No"
"0xd6563de594172a1f4ab18885c42045df1ff8d2d0","1","No"
"0x69489ce0e6bcbe0056f335c5aa2be3db59f81fec","1","No"
"0xd3bc3a907343b18a86858d70d1afec42068769e9","1","No"
"0xd9789349d46ef81ac205e48ca031b32a31a257c1","1","No"
"0xd8d4e90d728c944b1ca025c29c5c7b3fcbc0c9de","1","No"
"0x83667ccaf9654d637600f2291a29ae0eb72c96b6","1","No"
"0x8edb8d6b2e4c7693cd9c266d4133a228a5425a9e","1","No"
"0xa26b936af774680850cac28189dc150d788e93e8","1","No"
"0x78478d25c4c730045700ed4e05f8e67a1aac797b","1","No"
"0xf801ad709804ba379cd27ef7e272171aba752286","1","No"
"0xadab0d990d36eabba17acdf93a4d03a58ebe524a","1","No"
"0xd19d544ef2dd333dccf8b499d81dc74d3263f091","1","No"
"0xa65129719e70eff0be2e3b335c7f13072624b4c3","1","No"
"0x780c09da286a069bddd4524ad0dc8f2509028234","1","No"
"0x3786396ff6bf45c83a93932501ae6e046c527227","1","No"
"0x14bbf9936cf2354b6611a46819732137a03dba61","1","No"
"0x18eca889a5692fa054aff405f5e46bc3873686f9","1","No"
"0x1e8c3f9449ea8fd81621ee5ca1b7a8c3cad2dccf","1","No"
"0xc9b882d27e03d7c727ea6fe38fda2da236da68ec","1","No"
"0xb3b73066c68a8d848b9887d41e0ef305abc0cae8","1","No"
"0x1ffde5dd08aeeb6e831bbe8212527b248cdbce29","1","No"
"0xa71c4ef23ab393c435ebba19a15a88bd94182453","1","No"
"0x6caa15de297fd5cbd0ea65627cb93970ecd06c7c","1","No"
"0x1994b5739138eaa5a89213cc2eb4ce2020dc3a9d","1","No"
"0x582ea7a162bbf6d322a5c2cff1e08772e7f196ad","1","No"
"0xf3daa8d1ab437bbd989d01253e68935af1d81a85","1","No"
"0x286ecf71e60591a5e73c7634feba5f2372b12bab","1","No"
"0x73c7e08b14b564052fcbfbd00c7d4ca025753bcf","1","No"
"0x007cfd230293fbaa008352378a989b8145522711","1","No"
"0x9346fb3841683d4833d39918933a745050a1de73","1","No"
"0x6ce89ee6243b664709ff2eed1a57f9130620550d","1","No"
"0x0d40c5cb508f8c0af34d0567dcbcc07df634bd0e","1","No"
"0xc47e158f6fc41312ecb19fc4de48fdd6d8cf5961","1","No"
"0x2e73e2664a329ae7ef7ffb5e5eff68a30594b94b","1","No"
"0xc5c8a2ad7cdb3223c0bc64df458a7902a304314d","1","No"
"0xd77d0fb6ca64e5099095e32a8e819f1e94d413e0","1","No"
"0xbbe119621aefa49f6084398e5b0d4c70b3a975fa","1","No"
"0x96be3615d34beab54069565e9633cdfeb721649b","1","No"
"0xb235ce27c95f391b5447d0c838da3d0087b5fb17","1","No"
"0x2fa836478fdefada946e5aa112f6e4f1411c3fdc","1","No"
"0x3cc65a13ceb912405c8cb7bb0ac854da25a6d540","1","No"
"0xf7000681c2f2c97387311847703f8272ccedd54d","1","No"
"0xb893370dc80308b91a7bf1c7dd62297386a4b9c8","1","No"
"0x100bdc7550faf97e12ea838dc85f5c36c3c30fa3","1","No"
"0xd385a1d21b19bdab55e5433680b29e81596413df","1","No"
"0x6fcf546f796dcd2b2efeb9d2906871decd3ec5ae","1","No"
"0x1b62a5fd5dd41dcae5872dda6965fca844b922e4","1","No"
"0x0952255cb2f1ad756a3de77353011b1e7c3bd49c","1","No"
"0x3b36ceda07a1d155323a2a1a1234c21e70a112f7","1","No"
"0xc0e812b07345255b6701433b09e3eb34bd28952b","1","No"
"0xf2f1c4e6b946f55d5c7da75d776d10fec1d4a7c4","1","No"
"0x050adb7834067178b71a0801c38ef0363126dfcf","1","No"
"0xe495c36e756ba677d5ae8fb868f8c8a41cc51611","1","No"
"0x3175b4991f02a13e5cf470049b090049267b377e","1","No"
"0x564a193314131c8370077fc42a70d3d27186f2c8","1","No"
"0xa820074071ffc196663039b086f88d281ec1a193","1","No"
"0x7fd97cc34e63dc31562d028c40b2fc0b784fac32","1","No"
"0x9d30ca11c4a2fa4479ca14710c60a3bd4c1ca2f1","1","No"
"0x5b44393855c6590ef5dbba26a40b934542fe5eb0","1","No"
"0x619d7bc075c1bdcff4641db4f89a85167e1c3593","1","No"
"0xb560b6a088525f4ac50e55739dbcd584cbde60bb","1","No"
"0xbc5d41aee8bb0c08e3a799ca679fc165a8511e86","1","No"
"0x69946c9cc87eb524d0dc3a9d40837cd35a6c02c6","1","No"
"0x9bedcca00c7222132a704e169f819946b577d6f3","1","No"
"0xae74fa2ae4ed7b2ec66e43ff3f87007bf5de87f3","1","No"
"0x2849f88603b120aa87c52f570f3708a6581dd89f","1","No"
"0x1e8c1e3afb463b7f5436f0163e116ea4ac3b21f1","1","No"
"0xbb74a280e49456ae023374c6b9d9ac3a892d3959","1","No"
"0x042810a4f61a86f956898105e8e08819bfbe7695","1","No"
"0xe07882705ac9bd7278114ee6c4b36560255b0fd9","1","No"
"0x70142c7be71dcd9c1386ee91c9bed1b44d63f720","1","No"
"0x119cb1e64518b2bcd5f86a2c7c20960de55eb1ab","1","No"
"0x557bc2fde9a23e5052ff7f7b76ebdc9ab8ab1c38","1","No"
"0xc6e18d19c5243155c8db4d208753ba7c0ed8d883","1","No"
"0xd4254433f6e1384da6a570c076904b4ddc96107e","1","No"
"0x279679e6b44ec547c6e0466e5efd7d47ef3a400f","1","No"
"0x90222c3700a17c9a943d30e7c1524b718bec36d6","1","No"
"0xbe591b1bd3e5d4ebc04c71552611dde6864b26a2","1","No"
"0x17efa927462b0541c16e118c10e770c266049376","1","No"
"0x6816dd5b3d38d626c05bd029b63a895de0214b0a","1","No"
"0xb5669ac09659b92e0fc9e717d469f16412bd93bb","1","No"
"0xf3fd33ce765115a2d1e70acb10e8299b9b92b8bb","1","No"
"0x4d1a68909ddf6b40d08a34f42375226e74891f39","1","No"
"0xbcd8e531ad4a79ac8c8607516daa7f3bb9f32c1f","1","No"
"0xfa93e14cc3b5630afc83bae4b433bee08e59c63f","1","No"
"0xf673690da1ad5e03b8eacb025c292a1280209078","1","No"
"0x6caefeb865c58b266b0697ff7d993bc2d3dd64b5","1","No"
"0x5b2ad6a2884f5f14ec5c6d3ea363e6f86fe9109b","1","No"
"0xef0499a48a69eb73ea9d57e839cd3673abce9926","1","No"
"0x79d9aec05aa10f522849e8306a504b41356a7863","1","No"
"0x15c39607344d421a97fc2777ddfeb6de85c99b3a","1","No"
"0xc0dde70d5d5d7a480f8e2898ab1025483096440b","1","No"
"0xcb3bd976e08184b0fde7eace003975add0f684fd","1","No"
"0x6507db73d6ade38af8467eb5ab445f224cedaf38","1","No"
"0x16d2e27860648407692b3f8d01be9ac7dc5fa350","1","No"
"0xc7d4fc30de0e00c3b11afdcba85aff09998ffec8","1","No"
"0xcdb648706534e2d9e7b7d29da4465b9436fc7959","1","No"
"0xc73a828d556ce70e40a1172d2d438cd4940c1200","1","No"
"0x0907896353ab25fa2bd28c7b2edf84a57536d25b","1","No"
"0xb5e31081aa92fda876e1a84b1f028511d6e707a8","1","No"
"0xb65c90a88fa04cfbf7ab128a250a8530308cbe79","1","No"
"0xb7eaa2c54a854e8481f42f8f6aa9f569285cb619","1","No"
"0xd94b43894720ecaa9578e299233ab8f12fa3291f","1","No"
"0x0bb8f142258b86c3f7e41ccf4473b39a042bc593","1","No"
"0xdcef8847460da255ee41729944f58e969f228774","1","No"
"0x26a875df5a179e648eb1ab6c5adcd6c3c8c84c87","1","No"
"0x2a8320c6bed44b743e0a22c20c2ff8b1885046c1","1","No"
"0x51b7848b7f2b95c514a54fbec3ae23d1fa30546e","1","No"
"0x9f950ac86a88c502c392cfb2ecba14c0c95d8cda","1","No"
"0x81a4cb704f043fc310671ce13f0c54425c2f4191","1","No"
"0xb77c4a24ac279ace67331783195ab09f70745920","1","No"
"0x9ff571afd2c36aa5d06e9ee8c33513d6a02f8d73","1","No"
"0xc6839463a475de72dfb6f06d4977cfa7cb059ebe","1","No"
"0x712fde64ac04202a899f15b393f40a59c0d30699","1","No"
"0x77a7a4b494897bd57b71bd203e4c357064e7f3b6","1","No"
"0x8fd546d7f0acbd8f1ea0fb8448dabe69a448b822","1","No"
"0xba2e80144fe3ef8881fc5a816bbc607768e91321","1","No"
"0xa071da224335f9b38498d8c84e268265bf5f62e3","1","No"
"0x08562ecd51da642f526f11273bb8350004ccc319","1","No"
"0xa02bcab807b6a6656ddda0d393caef7cd9ad11d5","1","No"
"0x1d3dfb68091f6887a79a2c08a99f7b960f431b35","1","No"
"0x51214f289ebdb02f4b341d5ed337908da5d5c1a0","1","No"
"0x7f5bc50b539dc282e82a72a517c8acc73f161431","1","No"
"0x8c39a66ccc0f22ade61c59c7f21bb6bcee4921f1","1","No"
"0x134a7948e1363a95ee17a23c63b927152c4021ec","1","No"
"0xf239447dafa45d4ff2136f3006d445908f43e9c3","1","No"
"0x7eeb7e3c507f9f536b13ac6e611ee4efba99b5f9","1","No"
"0x7d8391a9d2199b3afa76e7824164503bb2fcc4bd","1","No"
"0x2f3425620fd4ae35a576ee32042913e38e181638","1","No"
"0x7f50f0c463ef9dfec4a65dd9b19eef6cd5886f7d","1","No"
"0xb4f1a9a88b76c1b24c96889c859b8e873a9d2033","1","No"
"0x5c995ccacc372ba18ba7ee331d05509425ea4a20","1","No"
"0xe020ee89eb00806d79c9337fa2a95bdd0731edd8","1","No"
"0xcca3cfdd756217fd909d8643cb3efd7ee70ffd46","1","No"
"0x5233a730a8bad2656e9292ec54b8ea8e5ef91e81","1","No"
"0xb210cc1070647be9b4f1e504cc453575529c1d9f","1","No"
"0xe7d9c87f4d8f2c397015b0e5fdeeecb3cd4d98da","1","No"
"0xedb851c74278bbe14197206861ee3775503360ae","1","No"
"0xd472a7b23d9bce99f7cfe749eb4515dc377a65df","1","No"
"0x9372f0fcecc03ef88f3c21ca9b148904cf1ef9d2","1","No"
"0xba8fd3b872844d74117a4e26dee0318e2d78b405","1","No"
"0xe957a3f551e4ee66f960e7d90f3de0e380ca600c","1","No"
"0xb4c753eac87d4dc6332e0b7e32da56e3071909fc","1","No"
"0x38d7ead5550d20c518453c55feb8992b0f8bffb2","1","No"
"0x627054218634e877d5de0ca01ad7f034568c3751","1","No"
"0x9af796ab0c9f44d185a472db9c2ffb665c4b82e8","1","No"
"0x4bf2b859be18995c9022c63a5eeb7db729a62416","1","No"
"0x1f9e94a4de021d25d0c31f5bbbda2fd7c06bfd03","1","No"
"0x939cc6dbe3fe8564fc2b84a49cbeddb10060bf43","1","No"
"0xe891f0c000e2e670fce6f89787a21695be30ca01","1","No"
"0x29f8389477191da887fa2e0b47db9b62d5e569d4","1","No"
"0x464c5516db28336a676f15c4ea50411be6e6a2b0","1","No"
"0x102427edb0a4107e521e4715e0d514fb915302da","1","No"
"0x99cd7edf3a6c90a0168c213f22935358bbea8c38","1","No"
"0x07ab60a0179ee9705519a21dd08e72b79960ac52","1","No"
"0xa84aa27e80ee53f88b5003fab1383b9b8a4edf9f","1","No"
"0x580081fdee2bfce05cd1c32ed968a5161671b4b3","1","No"
"0xc71b7b06d0b8d31d0393720d2974be69b5500034","1","No"
"0xd249554f9d3eda730dd3a087b1922603e1d3ff48","1","No"
"0xbe845288137f5bd6ab3269081eb8163f387f3216","1","No"
"0x9b8c74cfa95aae1ab16b018d0f34d01ec84187d5","1","No"
"0xc7fe19ec5e3553669b0e6d09077e4245e5b2a85e","1","No"
"0x313273e371fc40c1c374c498c781c30629a8ea2a","1","No"
"0xb9eb79e3e735ee636255dd8d65872a1287744e33","1","No"
"0x3dd898a103ff14257d5fc7a757db8f6e53493c9d","1","No"
"0x1187bbc9f5dac8696650fbd6888e9e199f5c309a","1","No"
"0x9e2a84d00796f575dfeacb62d1e0e84fe137c8da","1","No"
"0x3beb676fa08879ea70e9ca788b0cbd082dccebe4","1","No"
"0x0f49887142d7620f6c39fa1f824938ee7f5f614d","1","No"
"0xcb6d8c47b0e33d990962d66e43321427c52c0c9f","1","No"
"0xad86b45e92038e9c9815b3dcfdc47b4aa5735805","1","No"
"0xff82a30127d21126f9dd570dc140534c72f45761","1","No"
"0x325d2a12696b05900443e435cf2d1e9ecd0a8e38","1","No"
"0x41d3457c013cd18234f0eadc8d528a4ceba5f7df","1","No"
"0x7b8218e03f16f5caae31cd16a33dbd082d8cd8b2","1","No"
"0x122f0465362d9edc8336353f2ad2b61de2b2e413","1","No"
"0x61446c3e43d6cf50edca16490b905fe179adb9bc","1","No"
"0x2a4cd582c74102b3eced6b791bd5d66b70e62252","1","No"
"0x4ab1bd38ded0087ebdcb3ea8e6db5214d35ce496","1","No"
"0xf807ae03fd4fb3e0219f30aaf1ed6c1ea14e80c9","1","No"
"0xbf8513baa01514e326909123e5aa69c7783921dd","1","No"
"0x36a252d040257b6c3f0b986cde1d1784f254e7f7","1","No"
"0x0bed6ea2d984ab6b823267f13f0a04df578062a9","1","No"
"0x2babccde293964ac2821c39012ffb590b29163c8","1","No"
"0xa3259e42941b174f1effb47a96efa2400b49e9f9","1","No"
"0x23f1a3319375a348f63a281b4fadfc2c9c43f6ee","1","No"
"0xdbc13c2d439a4c950a968c6480017223677c55aa","1","No"
"0x748ffd3db0dbd7c7639dfb0c3b320cb399418b24","1","No"
"0xb862b7f7713bc455651d8c2208c3dacacd4f7b70","1","No"
"0x31a6c578bca36939f478bd5ecac8bfa5389bba90","1","No"
"0x9b9ec152e3bcc889b81fe39ae2284a67214b0336","1","No"
"0x2df4d4ce04690d1884bc48c63ae0e1aed30d1031","1","No"
"0xa3b302547779079bef0da330158b9afcc2c96390","1","No"
"0x37c0a1c4dee9edc24ea841aea70a66426a5e4911","1","No"
"0x69d5c1abe194a0f19b8479e0fe47f39aa2717663","1","No"
"0x68027025337adeaea90820500131cd9edb8f1949","1","No"
"0x40fc2bb0935a7a16968545b9a372d090e7c35561","1","No"
"0x1eaccc6d749081a67cf4f16119ef2d01c99cc19b","1","No"
"0xaa3001f61995f3acb6d749c8b6c3a5179a30fbc8","1","No"
"0xc9c9f0f259c21e7ed3a1f55a35206969f7ac5fc1","1","No"
"0xd20a04557213145425a66f1f252497d4dcf34829","1","No"
"0x60923349aa7e16f0ba20038953a641b16eaa37cc","1","No"
"0x5109d29c412400aac3487de02986ac8c6a1ce72b","1","No"
"0xedbe86e36d833cc323a47a20699f51bf7a7be39d","1","No"
"0x23158bd74606035807ab0235772061233bb93840","1","No"
"0x0db8a7559ebb93ac0ea938317a98deaf724d028c","1","No"
"0xb17a33fcf93500341b5425d6dc0a9aea80749072","1","No"
"0x9962c8fddf2f0d07e723834f21a0b9fc90fc0402","1","No"
"0xbf1cc251dd5d83d32d1adefbfbef1a6c5898bc4b","1","No"
"0x58d57e112dc784df9868de055cae08c52b230ada","1","No"
"0x3916732fd7e20d20e1396a6226f6b64ff2260b34","1","No"
"0xb4e9fb8e9886f5a1fb6148e3497b9ec2ca6036e5","1","No"
"0x802397f32275283c21a54a090ee97807aa0e9e54","1","No"
"0xd110afa04b4ea9fdff18338b88ef9b0e867b5443","1","No"
"0xa597a95383b600432f1bd419f1249106567d5185","1","No"
"0xde2789d11af1c4eadd82b498ff346ce24d6c86ba","1","No"
"0xcddcef43749899b43210240fb73a317a0dcf48f6","1","No"
"0x19f2323ae261c83f348ef3b7566432dad7338b72","1","No"
"0x64a8af132d5287d6d42d107915fa8196d9c099db","1","No"
"0xcab8047a804ff0a5c112eeb5f053a1bcf17efeab","1","No"
"0xf5c370051912a0b4deae6aa129c71e177bf4fc4e","1","No"
"0xb9ed50178c2459984ed370fbce0e8a9f1cc42525","1","No"
"0x02eceb6f675cd53823b981c60d2772ea975e8bb2","1","No"
"0x5aa748910fa9880b6a6c9241ef8f07be2e670b9c","1","No"
"0x95cba1978de9ea2a354d99819928ce900237c8ac","1","No"
"0x5273b083bd047d1ad05dec2365c320386763b8e9","1","No"
"0xbe7fe9ff7f463189bc54aa1e4508ee795d70c51c","1","No"
"0x9932be28c8dfa7825345b3f85f0414c807642504","1","No"
"0x697430f1c766d10672ec139d440d7e0404793c4d","1","No"
"0x53db01dc2dce321025dd69674150428ed16ec40c","1","No"
"0x4017d4f86c79f5e14a58d8790ab37ce0229f05b2","1","No"
"0xaff097cb7473527781153fff09cfa36b288b6c61","1","No"
"0xc141904864f8c0cf3866884af1c3f0c26902e350","1","No"
"0xe12513ea934d50f8eba64070489ddc0bcd8e5964","1","No"
"0xc1f241976f1a606e4daf88c34f3106d3ec3e2a58","1","No"
"0xc33747ae4be870dead1407dee0575d102d7eef51","1","No"
"0x7541a471d01e164e5e84e9cb134e1085740e19f9","1","No"
"0x442d665bbef9d9f1a6ec79202c81f18b94f350d9","1","No"
"0xb4cee9f134e603bab930cc1eaad12c4981503d2e","1","No"
"0x17fb0e6d81c1fd9fc89c4fad5615c69fcc39730d","1","No"
"0x4790a2e4a66d1f92fb5d0588959ae07266d359f6","1","No"
"0x30e75ce169a9bff71fe0db451a69019842fa7292","1","No"
"0x9354a164cd7cee3b0dd739d5087e13bcc64fc307","1","No"
"0x10b29bf5d71513a08cfefdc2acb8f6991a82d0f1","1","No"
"0x4394c0d00c030b3acad0b0cd47a95e54281e769a","1","No"
"0x39f16bb4210b95207047308f5488f480f83ec691","1","No"
"0x012959e0727adf1477d4f72bb1ef180ebe1721b8","1","No"
"0x19c6266051a66a276d6c5544749b493292377df4","1","No"
"0x07141c3a8021555e2211f5cc9ed16f6bb823efc3","1","No"
"0x76ff254cb6e077990cdf4d31fb0607b53351393a","1","No"
"0xedc85d8b15f572fd2bba0e534f2f51185c385470","1","No"
"0xa86bd7b485aeb88582183d3a713b482a29581dff","1","No"
"0x07c06c9d51cb2985bab1162ead97f1a130a0ed58","1","No"
"0x08197d8a3190c157571ce6c4b82a10fbd54844bd","1","No"
"0x1b10becc579b5df6548265c215dd86f5df126816","1","No"
"0xf105d06f5cbe5eff47cfa9c4c0c22dc703696cea","1","No"
"0x900b95aa30eb77e86cc27a194fca7920db081011","1","No"
"0xf007f1ccb8edbf3aa87ebdfb4c089096c14bb8ab","1","No"
"0x1a67d481418f09940dfca6bb1e966d0e6690ae94","1","No"
"0x060a132c2f28a383f23bbdaf7e8e4026436f2014","1","No"
"0x4dc49541b4559b004d9999ca2e11165f6d38f59e","1","No"
"0x96692143d17d3b96e9f4090cca1fb13ce6c0ad65","1","No"
"0x6aa2cc3a632cc235135fd90a080cfc3c508b0cfe","1","No"
"0x361a713563b7809a2a3188b006480d489bead1f0","1","No"
"0x892bc86b0df3dbaa3e2e2c588bbf3bfac91fbd1b","1","No"
"0xb54c45bf8c16e37acbd1c4b7bbe08a5d0dfab3d3","1","No"
"0xf38a13d2ee13a4c92800c346785cfb4549aa96c5","1","No"
"0x527881c3aac93826c1d796d1df5d9626b5af0eaf","1","No"
"0x853b35e5d78ca4442e8b390b0587391e7db9dfc6","1","No"
"0xc095e3ad9a2ad585e7604ed19f55632dade531c8","1","No"
"0xc3e2ddfe7cc4980e70a3069071cf6dd674b2bfa6","1","No"
"0x6007c5d8c0fccedb4e26ead4c890fe4a60d30069","1","No"
"0x638c0cf4294d61c077fd91095b0403747a5f3c4d","1","No"
"0x19085f01a52a4f1e3e99556199519e990601c579","1","No"
"0xdf3d0afd441f7e6d0757e09a95e3e54d708a9726","1","No"
"0xe323f3897fc3f61619a0becca5b665754e6d7b40","1","No"
"0x377c775dc1f6bfd55e212c7f6bf3606f32814780","1","No"
"0x52747f1d053d20bb74c38ae25addd71c1a7763d1","1","No"
"0x38a46e5e32256a4a769691a16449a60cfcf2b0ff","1","No"
"0xc57b2cac598484fe313b9238624268ec8200546f","1","No"
"0x6b4a506fdd4d3a3859a0f03b2c987804485480c9","1","No"
"0xa18ad535ef89c2f84e6156ae270b980f23ec7649","1","No"
"0xdf42e6fe7c484aab2f87c46aa512d49af063fe40","1","No"
"0xc21020c2474001b8d9a0257724432efd86cf71f8","1","No"
"0xbd6f2a7688274d7660bc723f3fbd42f479553248","1","No"
"0x7c7f13055834e796ee5e46ff451858e0c7555d6b","1","No"
"0x90a746698547973203b38211875c46f89408b138","1","No"
"0x8a517a863835b309d81f0c52343f3e00d8b5c3fe","1","No"
"0xaf83b99adcde291f1ac2c905fb1c73790ad12bd1","1","No"
"0xe6b1338dccb5764e10ac6b392964d11fee672db3","1","No"
"0x0d796c6b7d7bc5fc79ae2b03e84cd4495aa9db7f","1","No"
"0x9744a723e861077d5efc7ac2d5806c6d7a6bc59b","1","No"
"0xf722af6d93757b371064da7a75313ac9def4ecb1","1","No"
"0xea5025e44927339f3c1c5c8c287250f133c3f841","1","No"
"0x65c9587f27bf92c5b11f7a01d72a534c26384249","1","No"
"0x9f9f456104928779d7606380ff088dc519a1f78a","1","No"
"0x741172d1401aea9e65cde627c0046de1d7c41c3a","1","No"
"0x746f87c61da4a01d74ff350f7b32acb5ef7e798e","1","No"
"0x621c141f2bc32cb3af435250db4b88adc1ecd542","1","No"
"0x2d1984745516492282a2e9d5b41e8fa5cd4456b1","1","No"
"0xbf4d71e0b9447baa433391fc77837f8e2c6d0fd4","1","No"
"0xf33f946b052342ecc19f9ca59362e495bcc2e9f2","1","No"
"0xf01538e44a58ce58eb4ffcc9d036b213726bb66e","1","No"
"0x9e7ee22a50fa2ca5ba78e3ed06dfce8d482771e3","1","No"
"0x716ea17beeffe960234961e405edb0a39c05ad98","1","No"
"0x221a70da842d70f3e3d7479cfea9bb6e251b0cf4","1","No"
"0xc07d225beeac477e77b60ba8d9eecbe51b18bf0e","1","No"
"0xf8634c013f6bfab75e1fef99c9484c1f97d1093a","1","No"
"0x47c9d06e5c795a544f314e093f2dc5a08d5d0c65","1","No"
"0xde2426fc4587c86111c2e8fe72ddc3c69cf2f76f","1","No"
"0x48b2909b637be781390f2c438f77148d3c4372c6","1","No"
"0x0d8be665c062727e2e63e06fa4535ea601506fe3","1","No"
"0x522719a629def8d8bd051f2c962b3ab678e30823","1","No"
"0x82f05811da0de8eba1113387c72253bb2fe01d9a","1","No"
"0xb0b85caf2b99362bf2a4a73afa3c5f155f9d6fbb","1","No"
"0xada2cadcfce09899c3d14ba5769a44bd647f7835","1","No"
"0xf637e53c0c39ca6d6aec2413923f92fc95c9edfd","1","No"
"0x42a88cf08188b82f5575529bc3ac277b0939c130","1","No"
"0xe974f6b9f1def7a773012b8eb1938d474404633c","1","No"
"0x6357a21119b06ff83cbe3a49f319cf5cc28ac12b","1","No"
"0x4d1a15664135d83046ea62a536010625e46870c2","1","No"
"0xf9c919ee2ee1ee87de655ae59f99a34b1c6cdcb5","1","No"
"0xeff4259da66f75cc1fc1ff341daaf07cec776892","1","No"
"0x2e96c9a780590987735cb0828af26d3bee622fde","1","No"
"0xcca860c6b2afcaa946b675d981fd07c175c7656a","1","No"
"0xb7c070313430852c29236113251a957097998152","1","No"
"0x420d9fa3022ae5c7af8457bcbd628903e9faa6ad","1","No"
"0xf22879ad23a999a2617cd211ae998ba499571ca9","1","No"
"0xfb6d1d26306cad39b78eff4d57e2ded01b912eed","1","No"
"0xb86f1f2c2cd6fb3f721942b6c904e9e1b95ccd3f","1","No"
"0xe6a005df5695a18bae5eefbb0e00b1af27e42a0e","1","No"
"0xf801389db2d57b7eddcca2ea331c53b8f1e33fc9","1","No"
"0x06911db9ef541ef6ba977bb4fa8c9faa346de511","1","No"
"0xd80b02e2a81680f5609d867953554d26148bdf75","1","No"
"0x5a2fb44e2958a13cdd3f27dcebd985a1e7237241","1","No"
"0x2a9131238be170838216d5489a65db4cd20e82cb","1","No"
"0xb2d34831f92c600e95775721024100d98656c646","1","No"
"0x320c338f2dce73e5390b6db7cc912dfa3f25526d","1","No"
"0x5f2dc096d67151c4e42b93650ff03468945b8dbb","1","No"
"0x37dc44fe284f3d6ba7c1bdc4197c7e218457d5fe","1","No"
"0x7c206b84cc2fa2c60075eec2c956661a9345db24","1","No"
"0x549fb80a3062c41d399f1503c383ee2e94c13e51","1","No"
"0xe859d5fbf3555244a832162c11bd5bd5ba22396a","1","No"
"0x19cfc09b75528a0d7bd48452e43e9632994c43f6","1","No"
"0x92c46ce7492d33b3c3d9cd459b4486fd56e38e66","1","No"
"0xa64549dc78b120e2522f016ce39caf9929dea69c","1","No"
"0x2deff4c6afd4894f94cad27cc52693865994ed4d","1","No"
"0xac77e24a9c3aa3038f8a1686041694e7c3f5bff2","1","No"
"0xe7f56447045e0d8b8270818146b8d75d20d21fc3","1","No"
"0x490c0666ff26247bae7739a0263eaaa9b02992bf","1","No"
"0x32942b8b9d3a851e82d1764046802116b04682ae","1","No"
"0x6fa178308b5acf9e093d4e6d651ad4984a83e293","1","No"
"0x835926bb57a9049ecf3200d3f6203e72e7b6c566","1","No"
"0xed4031780ae8505301c5647ef85bb33163eab350","1","No"
"0x93c46302626601e4727ba0c6665c200c0b715fd1","1","No"
"0x114cf165d403290a9d6edb6f945f145d0d76c200","1","No"
"0x3ab7926812dc0177e4cbd35d0b3ea2956e364b13","1","No"
"0xb4b566e7edbbf8d78d7b303b671400985f29a0aa","1","No"
"0x592aa02dc3a530b966591c67614ce94225d72ea9","1","No"
"0xa33d632b743a5bbe82f78f8db522d0978c9202d5","1","No"
"0xdc8b0861e9269f7624127dbef96ed5baf7b1c523","1","No"
"0xd9d68d14cf50b413a5c04ec1bbe731d5f9636b81","1","No"
"0xcac5221dae309a79e1f34c91794bf28463ee1c3c","1","No"
"0xb1f06b485815139676ac72b4b9a9b42abc4c1e36","1","No"
"0x9122c547169279c676ee81a3fead5704f1d5bf55","1","No"
"0xc54549ee24e64d92e5ae4570fedbce8da9c03af4","1","No"
"0x51cbefeccdae97059dddc9d7ae89c98dee4f8d22","1","No"
"0x5435365e35996b1dabddbbb5c9c7d8d5f83ec5b8","1","No"
"0xedfe305ea19a7b3fba58eac86250e4509b961750","1","No"
"0xf42d0376ec4939a455c96324577f7dae0dd40f3b","1","No"
"0x526c0b4aca503261710bbe90dc80c48a26054795","1","No"
"0x51a6e111f3c10d60c55fe30d830d65fdf29f0fbe","1","No"
"0xeedc763956bbfd2ab467f1f7122b49302de7a653","1","No"
"0xf669c1a66876991bdcf571722890e58985a4d45d","1","No"
"0x18b7357ad08bb9097de5664d2328d9ff191453fb","1","No"
"0x22902e66b7ab44ac096920a698edc3f10629106a","1","No"
"0x3e3730d0ef690e728387dda044c4c612138d7506","1","No"
"0x3c0f583d013c9d890a1f15dc4e88d08d483ddb8b","1","No"
"0xdc3a96c3252f5c617522113d7240041ea58d4136","1","No"
"0x91dc2374409ed6b606692f340105b0a5920a6660","1","No"
"0x7952009d4f99dd86b037f131f3aef23ac9cfbf39","1","No"
"0xe6b4dfbe18699bf4a047cff0e555d851835d1706","1","No"
"0x1b1c8c8207ee33b5e10b5ffa55e8730650c7045a","1","No"
"0xfa8fa3d61a4af9acc65bf88b6c48f178a4ae94f1","1","No"
"0xdc9faaa4e6b5ce0706752073de3d467f950ed0ac","1","No"
"0x884b390aab58677df7697c613102227e176ae77e","1","No"
"0xd5df5c254bd759f98d8bf95912a38edd97485e8b","1","No"
"0xf3b16180ed246bdf7f95ae390546def42aae2a91","1","No"
"0xd9948c8d84c0673dc665cfe2caf7cbc583c2a90f","1","No"
"0xc2bc0fd3416987c3f28f05ef22b56f8d59797b73","1","No"
"0x5f9c30bab8f65a40ab886976c083cc02ae4675de","1","No"
"0x9f58977d108d3a0ef94c841b36cf8f9096456dd5","1","No"
"0x424db37eaa9f3f8288fcb9317d6b6327d50d961b","1","No"
"0x9b653dbb557756fcb39fbd78535517c495514d4a","1","No"
"0x7d5ddbc7a3255ffe09fee4064267cd22aa8362fc","1","No"
"0x3a2fe743289e9a67f99f66ea1d5896ffda0c5153","1","No"
"0xa62836daed1da521a91ae882b52601ff55bb56e1","1","No"
"0x3bfe15b5419231349e667871d9e6bb6179066913","1","No"
"0x98673126c7aecfe51e13ab18c3a491c67f3ae918","1","No"
"0x7705bf8c51bb214502d23e95526e5a13746527d1","1","No"
"0xc2282ae28e32741fae3043ca5ec0121a84147df3","1","No"
"0xa11412a9c184503655297a006bb164e8d76b7ad6","1","No"
"0x1baa757399f771b67bdddda0cf234d59b837504a","1","No"
"0x368b60a566b12c1ceb8eb84a270c319862bf82a6","1","No"
"0xaafa12d389c2253d6a5eec42e356714cc24b9cfc","1","No"
"0x416a7480fef3d0fc03ae0efe21986ebe71436cff","1","No"
"0x60ec3af22d4d199938c5665c84180a863b20a6e9","1","No"
"0x7535556df4abb806b38e079b6e0cdd13f491edcd","1","No"
"0x0fd7e7da7f8b3dd6a139439d660a7704669f8f76","1","No"
"0x3fae1c77de86da5cee6f387d5b6b93c6de22dc7c","1","No"
"0x9aa88301c82058f64daf25d3cf42770debdf84ab","1","No"
"0xdee6bda4b04878885c241e38194d8f50c9aacd47","1","No"
"0xebc862365141313221e5eacf478df77ec2be7566","1","No"
"0x692b1a9a1d166d4dc73b484d61d560d141b46c8f","1","No"
"0x1509ce7aeffde446d39144cf7dac871b42ae01b8","1","No"
"0x2b685108429a8a49b4bde29d1e89c5b5d5e65b7b","1","No"
"0x72506133fa8feb85f300a28e7ef9c1e2a8fb8ec5","1","No"
"0x2a9584567afda9d322205471bf7e2aeff2bf987d","1","No"
"0x31d30beedb175612340aaf570d60acd80618005e","1","No"
"0x12d2b1a9150504427d39d5af155f42586c7bb73b","1","No"
"0x0529858753cd6c49e5ddaa6dbc395fe6591dddfc","1","No"
"0xdff5b581e27cc5016668b1c87d6c36ffbc733905","1","No"
"0x390e4791101733ea67c8e2233612d0b97cb69083","1","No"
"0x2f7fe555f44d20f37d92b42fd293b5a72e6fbbf2","1","No"
"0xc6427db7b518538c85baf8b666dd782350115c05","1","No"
"0xd6410e267b46ecae80893e7369f8b2d30d411442","1","No"
"0x497d09eb901e4479f8d556b6acc402f18d3c0b51","1","No"
"0x0fca3c3ad01fa066bc442d305ecc85e37e1fa8e4","1","No"
"0xbc21acdc2f0889cc5035ad02397c56d6332a97c6","1","No"
"0xb871c3a0db2487d3bae9e2a2ed10b11ce3a11c6f","1","No"
"0x289115489e35452d79249bf362a3709da63a0d82","1","No"
"0xe4e55db6e45b30fd311c3d00c9beef84d6260726","1","No"
"0x7b068e199e906bb494f788f9d851c52f5fc6e3a8","1","No"
"0xb94fe5217955b24754c04db518bee09639cab62c","1","No"
"0xb9bf2ee4829b28d7e633a603c83350770ee835ae","1","No"
"0xee2232ff6c18adff16a4649d9f3ffb01cee20ccf","1","No"
"0x4695e5dd50ddb5d8a93ad7d2aa83d27b84499304","1","No"
"0x610443d57650299589adb4f5c69e62ece2be4884","1","No"
"0x348f872a188f84934ae29666b476b38642518b48","1","No"
"0xc47ed63e2fbe7f42c133b5092a467f24fda5cef9","1","No"
"0xfb5cdf58579a431e23f5d480e7fc71ad58fc3f1e","1","No"
"0xb58b4dce331f2e9b01829953b5c11994a433d8a6","1","No"
"0xd7435b0e5eaadb9751f6264d9010aec806976194","1","No"
"0x46060f7d7bb23a95331e4667318739c6782a84c0","1","No"
"0xa64ba321607ed25adc369af7e8c3e9e24c071d5b","1","No"
"0x18ab03114c35191dfc8f25bc94e907b8f6e4cb8e","1","No"
"0xa5392f8c88ed665c7e0256abe5d547035e9e0573","1","No"
"0x348b7c9282b5bfff10450266f23d513e3b4fbb07","1","No"
"0xaf666d3435c3dbf04e84c678efafef99026ad772","1","No"
"0x120856aa6c5378fc7e955c7c25514fedbfd04f5f","1","No"
"0xcf7843d1c38fa0edd2caf8fedb1907b7c5aed05d","1","No"
"0x34cabf1f830fb6ef4eef5c7edba4a10d4d45ce0b","1","No"
"0x0bf17d9812c85c385a7cc246b0a5dba9e8f6a5c2","1","No"
"0x9b066bd4e0ce3fcc49bf167175cedf7fe247d5cd","1","No"
"0x4f93b4efafae21a5611e32c553f260ceafc07fb2","1","No"
"0x7185d1f73f1ef42fb892bdfea38274e04a7438df","1","No"
"0x294629ac458693bb9b3f668ff3e53981df6c049f","1","No"
"0xc31416c19d151d8fea895eb98c40b5fc08a5d3d5","1","No"
"0x3d268f920cd1209eabce375fcafe208f1af259b7","1","No"
"0x527c75b325eb2b8eab9f9df3c00b0803fabb7c4b","1","No"
"0xd927d76b45a28be7fed8f9b257d4315b934ad926","1","No"
"0x6f45886d3a3b2cde6a11197dc70a5a9fad5f90ac","1","No"
"0x4cc43234dfbb77ad92ff480d794e652093fe9c61","1","No"
"0x2d3c43ae4763afa3974fd5102ca9ea740a6da395","1","No"
"0xf711d4d352b26101fcfe1a80df9de209ffe1d41d","1","No"
"0xf1c8066270de209ded67c2d76dba9f66f38e94dc","1","No"
"0x558581a68fb32eeba1be294b2efad65dd03d204d","1","No"
"0x8f064b13420956f9127152a9321f8f759b76f068","1","No"
"0xd663c57f4dc906c23fff2b34eb22a4b6a43d6341","1","No"
"0xcc4fc80f420911bebc6ed3add4390e5f6732ad8a","1","No"
"0x043fdd9a0d5f2a639578ebcf3395fdf38efa097b","1","No"
"0xb412abb4afe86db2e677b909503785ae1a2d1579","1","No"
"0x0d6837ffed59fbe173068fe5a1bce89b07bd0229","1","No"
"0x2b6b6f3219c46ebfc3438b0a5e4fdc64e1697be8","1","No"
"0x5f281eb898e40a3ac6f9e556b1f0b71fdbe58335","1","No"
"0x69e23e46d212c27d7e70a8d8f7dff51d42b956cd","1","No"
"0xabb84c2b6b7e1a952ca3bb197ed70bac79bccf25","1","No"
"0x1972d359aa0fc36898e502ff1df04dfbb3dc312c","1","No"
"0x536affadcd994dd1aa297133f1112c37c1dc90cb","1","No"
"0xfee4c98f479c9cec3923d0997d978391ca771473","1","No"
"0xf37b9e4f5125095442a005e47a275f24b12814d5","1","No"
"0x6b20bc8881e6c34c82c3816f62004b8b3967ac5a","1","No"
"0x0e2e3721a95722fa58b61864edaea32815957b38","1","No"
"0xe358c71a10812754d37df81e0597bd1e6154862d","1","No"
"0x4d389bace749a38163ab753d6e3ddd678448d7d5","1","No"
"0xec6ff41328a0e25a6e8fa6fc54651b3e71b2e366","1","No"
"0xd98bdb34bfa3d88e99b3e9ebaad9da4ddd730d8d","1","No"
"0x63e8ed334ad1a8f563f2a0731e9f71de613108ef","1","No"
"0x0db32a02eb70938067b87baa0ecbfaeb09c83889","1","No"
"0x87d5dc23da11a2a1b7a932e286d97d2995b2fa68","1","No"
"0x06c3962b21fd986225486dc6b2f8b933f4213ddb","1","No"
"0x93fbc6ee9d20a226cecd3733d8b4695bccdb6f5e","1","No"
"0x308ec6caba28c4b88d2278f25b787f78fc4a1971","1","No"
"0xb7e72577c877d79c4a162b168b47b913a391722c","1","No"
"0x4616aa5409a8feb5fdec009cc4395c30b87f2971","1","No"
"0x8edf22af4fe23be598fadc26750dce6845c7e670","1","No"
"0x5bf48127dfdd58257eac83138b72890d9fd511f9","1","No"
"0x4c93970e3fbe28e871090c33603120d93753a0d6","1","No"
"0xca80078c7d0133425b920ad089ea53306b23434e","1","No"
"0x9f20221adb874c46a889730bd837515d4b763aa3","1","No"
"0x599e77a1a3329c196463c3b9351171e2a0071cc6","1","No"
"0x45880b44e4f958f71f6545e5d0855020527db2f7","1","No"
"0x61adf20ddd9027f172dc42e6dda9b122982fc38b","1","No"
"0xba95e2c769d308a1c47682d69a09b179722a5ae6","1","No"
"0xd6acf17c57ced983ab9e9ef33366e568e4a24253","1","No"
"0x148a9a401e9b71a95cea38fc7dc2e247422586a4","1","No"
"0x4c5e0edb2cc451ce04ac64c49291727ab5b6a4b9","1","No"
"0x949c62e21905201e272491fe686cf2b42b69db78","1","No"
"0x6b676c66c9c553db219382f3c9aa8fade2466cca","1","No"
"0xc205719b09db9e996e2b2370a76ad52e67ae4708","1","No"
"0x2ad738c91bb1185fc95439139994aef9ef2fd267","1","No"
"0x4d9ebf6137931f5d6c55f9a8a5162d63781ba90e","1","No"
"0xf6f2b3d008531e7931232191c24573700948f9a8","1","No"
"0x10639828bfd51c0f2d7c45d65a5db9991f5486fe","1","No"
"0x2b3bfbc7959af0e993d57524cf7d490d983c0117","1","No"
"0x5c6f37b1efabcf3c7a4a6ab03ddbc6066243bd8f","1","No"
"0xb10d06f71c01ae98896df59a89a95c9b66a208a5","1","No"
"0x9eab28bbc3ef3801e8be8d596fc331fd7a5e3f5d","1","No"
"0x885186404c1ddd2c31cb7433cf23be0017d80c7c","1","No"
"0xc74d7b613135a3bf85803895e23ca4aaf87b1663","1","No"
"0xdb82d93d1bb1d717a8240ce88858691907f48004","1","No"
"0xbbe5edfbc2f1ecf4072076067d3225f1cb464824","1","No"
"0xd413339659ef27b16a5baafc284ba521d87cb731","1","No"
"0xff970f6538d7715dbf7d4afb61674848a37931ef","1","No"
"0x929ad6a30da1df3c10323e45019c65048bd34359","1","No"
"0x48459c18929b2c9a2bd092609122d8a5d163d39b","1","No"
"0x68dab8e7eb2b1689fbeeeaabffb111e07eb7c8f8","1","No"
"0x1624e347c6d18c09ea5e255da12aa7ba431aa36e","1","No"
"0x9c3f4d924c21299d39e20ae94c9c86af99f21b91","1","No"
"0xf7d948f457f2127f767558cb3a862237c7855157","1","No"
"0x6b069f176602465feda21f0e651f63e99f010e4a","1","No"
"0xfb7099108ab5c082e12b228e165fe9253486d20b","1","No"
"0x4b9bb6eae2d7da573be1cf58e9abba648e9e3262","1","No"
"0x4b3c96edcb6bad8f5c2c777a2373ce333deaa4fc","1","No"
"0x10f77ebda5e6010d5b59ecb2179a8fa19c003f33","1","No"
"0x176ddf837dabff19ca3d5a17341cbb2fbf32fa78","1","No"
"0x140c76fac96e08ed1d1dc79d3455a20b34a64be6","1","No"
"0xc5a790478961a61ab9619bd8739e34af7fa1f161","1","No"
"0xe98ae7ce002278f32cb9067d31840ce5bd078c58","1","No"
"0x0e03ea3ed9bd250e850ff1a7f962edabcbcf2ee4","1","No"
"0x5abf802404fdaea5a8c3906b6ffa383094f0ee44","1","No"
"0x968478bd9d48b565aa4e972c593dcd170db06e77","1","No"
"0xb7b31b6622819477f9613eb19da48297261e272a","1","No"
"0x51b2ad7619b94b45ec2b70e5b924115953f70ad9","1","No"
"0x66fabb7435c723fd5895b40c2871a03fc2ac6b6b","1","No"
"0xbe354dfc9a1b671df8c170b7729356e2531429d6","1","No"
"0x28d81855d3e6185c2a957ba7114872fd9bc5bd41","1","No"
"0x5598e06de856f8acdd81e70c870211032af3e36a","1","No"
"0xd8969bb9c6441e3fd2fb1bdb70b74b7ab0be9a21","1","No"
"0xd84177fa0c6df13fc33ba0a615b9c70d28e93b6f","1","No"
"0x16d91a164e75b7845bd70dcb3ec248cc05928422","1","No"
"0x633739b8707763dfd460d0a2fe2f28166dbe045c","1","No"
"0x56c6f41bf9492970c7d507827d02036c8d5b767a","1","No"
"0x256d04a81be9fbf56fbdfcb261ddd1d8b7cb782a","1","No"
"0xc696ade9e62e503b020427301ab4e18e69a8450b","1","No"
"0x3454511f3daf99c1758e6188e2e72b45f285fdac","1","No"
"0x7a84f6c0d345adf9cc1f9af1df7df90b522a8a68","1","No"
"0x3d0b78354081a9642e36b04ed061dc406056e2b5","1","No"
"0x533c0abb83b82660a44d79a50603dd48f64234b0","1","No"
"0x89cfbc30b4b84c7a7928b69d2e529d4e66bfa511","1","No"
"0x93224570b52b0dc14cd2b75b82155abfdb5a454d","1","No"
"0x67a1816feee4746efc37ad6d6e648c5dda2af628","1","No"
"0xdefa39ed1bb7433bb8344d408967b778cdb8987c","1","No"
"0x91f76da705c74adaf390a897a8d8d7f8a5b5df0d","1","No"
"0xaf0b7d266fa8003f975713d5ef0efcc6aaa765e2","1","No"
"0xb07e3393aef90d3f6d2e2a8dec242f1ecb7dc639","1","No"
"0xeec9d797581787e7d956665255930dd192603e17","1","No"
"0x544a9783776f766db7448a0ad39a55fd2d30a7db","1","No"
"0x0ff0eb5dcc4bfeb4f63e63cc9300bdd717e5ba40","1","No"
"0x872e75ced48070a6d589f5e2d2475f31bdd02d1f","1","No"
"0xf24e9c7379fc9cedc177061bf649d89f8246136f","1","No"
"0xbbb7c5c59193a0a9940b9e813247f635264e1098","1","No"
"0xfce061c1f59351b587572ad09fcfb591949e6cfa","1","No"
"0xee2f328386eaa3f4194767e7278d7574bd25eeab","1","No"
"0x6f2474cb60d7db5394253523d256cfa001678900","1","No"
"0x677b0f9b7d526676b8da35a68178758d2ddb8864","1","No"
"0x890db986f152afce66181f890645c9b63e22200d","1","No"
"0x04db102c944301eb9561f5c5fec2517c5dde0992","1","No"
"0x2e755e220bee5db3cc19c570a9ea2be85a83eccb","1","No"
"0xa23d4ece9fced60093a7a65cd859fe3ece5a59ca","1","No"
"0x60dab24f2f7834f93f115c6be3372a73e5ba3ef1","1","No"
"0x2913c669c9bbcddbf2aedf8ed4836b94397e5a4a","1","No"
"0x6ff7401d2f5ea905948a922291dfc4f226dc67d4","1","No"
"0x4f62b090f6e6ce00638531c83bfcf633f3b6b091","1","No"
"0xff90eab6586541282860941839d9e6e317233857","1","No"
"0x07a9f946fd5c3a12dcdab2fd711b4fff12c578b0","1","No"
"0xe3cbb2c35ae917de8f89a0e203d003825f62b83a","1","No"
"0xbae9eea34b95ee5e27bca8ea27a640fc44fd9cca","1","No"
"0xe9402bca3c0314e6e9b0bbfdf3b3f51b42a54dc6","1","No"
"0x16a72f30f5a7dee653918fe2e70420c2e4ae3e67","1","No"
"0xd2009e7e0c2f45660fbb5ca79e5367d3f75f7663","1","No"
"0x2862fb761c7e07ab7d0e81024c297a13dd3acb2b","1","No"
"0x46455b0ea0954938c6775e12c86e8ba982154721","1","No"
"0xac2136c3f85225354d92299791261682b135a235","1","No"
"0x6545e26998b267cc7fce87ca1a9688c7cc3ad503","1","No"
"0x858b260f0ee5853024834dda3b1cb3896332046e","1","No"
"0x3215b44e9ab4584ea4866ec156b3e277618dc1b9","1","No"
"0xd6013b52c7badb1fd3c1a9e0328ce20a112748d4","1","No"
"0x38df9bd506a253740f58f22f4f91fda3e4d023f5","1","No"
"0x1981d7a9d4d13f972bcbeaea2eb67eb7999a7454","1","No"
"0xc45f995c9924f59a1d6061b39671650fe2efe4a2","1","No"
"0xcb0a8cb61d4eddd56cdf08130bb5243b7cacaf99","1","No"
"0x11ee5d6750125cdca4274387f21001e33e04ef99","1","No"
"0xa2aa6ef8be5c7991dec49513f91c768aa35a6838","1","No"
"0x9cfa1b2c62f624c8a719e3b92357a73b60295685","1","No"
"0xa29981b6fa0e4cf2c936d94b3bf479bd310193ea","1","No"
"0xb443f726b5866c8e569c976d6e06662fff159cbc","1","No"
"0x33f5f899967b6574048c71c8ffb1d4d77d707bfc","1","No"
"0x1c9831cdab6a630d5a923468f7cecc932e91c16f","1","No"
"0x9f4be26bc0f1773983eddd043ed5a947bb1d4806","1","No"
"0xf5a4e0f4691412cc056f1261e1cd25f702c0b33e","1","No"
"0x8d8e10df01c5ef3f520fc1e5365044c72c22ca36","1","No"
"0x4bcd96fd14823327babf292d0efb3e5c8660070a","1","No"
"0x2c796778f2fa68f9b3e56b3b5210343128f76d55","1","No"
"0x6d186257b887c065404c6633e288c63d3a1cd49d","1","No"
"0x0fadca3a08064d84811ce7e039a80a125bad7261","1","No"
"0x90904d8986e0e8ae2f1f4730ef42e6b22bf90f1b","1","No"
"0x276ab874d94f532cfd55d4985a6047141f05a699","1","No"
"0xa507ad88974426447151dd0e75506971f1f79d77","1","No"
"0x2814c579ad91fb8ae9ba3ab406e34fb48a12e822","1","No"
"0x7b899c8409d96cdee4723c489ef609c94ecc3a38","1","No"
"0x428d9b546cfffd4ab8956cca60874ad3289fa900","1","No"
"0x643b6f8b4666e34f947440e9eb26aced048e55b5","1","No"
"0xa030b20db9ef63d019ea28f8f64caeac95bc05a2","1","No"
"0xcc4df555feea9a82378262ad077080c7f4336ff4","1","No"
"0x8e51121e8adb47f03081cc9fe8d749b2bb94e4dd","1","No"
"0xb6c723537a15253a5dc2bce006fa0a7dd5658f0b","1","No"
"0xb4aab2b1c586a1ce81b704736fb79f46e7aa39c9","1","No"
"0x33ec07429ffa816979963c995ebcb350a3ac2dcb","1","No"
"0xbb19a7cad80f77b84b7541a85ffead81564c6840","1","No"
"0x79e43b98cb0a6e581b19eb278850424e05625717","1","No"
"0x04a281b17bdfdd9f0064a61f8fde1720fed89ba2","1","No"
"0x92c950181e8a23d9d434bbe160903c7cf83e9531","1","No"
"0x2896f988bdb320d52aa9e183ee696e9d5d753616","1","No"
"0x7f4b2e927af5419f474b3924e547cde6f8cfac5c","1","No"
"0xc3a13a95ce3835a955f53284b0988e11d86df874","1","No"
"0xba78bb278345c3b58b7fd37b7fc3981cb21460a2","1","No"
"0xf2f6aca87cda75c869e7fd7768b446d2537e62f6","1","No"
"0xcbf617affe98d781494165903f5bea78ec7f834d","1","No"
"0x384ec0079b427a8224cf534e6b2d6c1e9db34453","1","No"
"0xe71bcdd70ccd95840a85d0e13e498a90df8991aa","1","No"
"0xe4871089e340350151972e09d7c511488c69104f","1","No"
"0x9ddf6cbee063e2fddff48fdcfca150eeef2142dd","1","No"
"0x204b14054f8c25a691980734b56105ec1ec34883","1","No"
"0xb776a5018b848ce0f8d0316dc0fe474ebe309df5","1","No"
"0x32df1691f6535e16a002c1218d0dc43a6ec86cd2","1","No"
"0x99eab498bd3bb7c67e49703e3af55168f85a82c9","1","No"
"0x0bb10da02cf52d4ca9a4297213652226eb59064b","1","No"
"0x11006b5543b05d68e3e9702b5445471c45cbab0d","1","No"
"0x52919b8c75a122f18b5610ceb3c2a87e57c0a0cd","1","No"
"0x3ad4a0be54c6e9497594a5e25b928e44c4a371fa","1","No"
"0xc7f162c7e429dd06b051314f19a250cbf4b602d5","1","No"
"0x4ea41cfa4e69224faa4222b276a3287b76481d43","1","No"
"0x49494b735de334a67e688dacd8e31edee535bd82","1","No"
"0x2b88f0ef8da7430dc13acabd2f99211cda08ae92","1","No"
"0x172ce915f0a953d21ac164a1b51695f76c071377","1","No"
"0x4f5ddf0d2972a8950ca9cdb6cff50f4014da339d","1","No"
"0x063c98cfdbd28f3f4fb598e73c511c407e6778bc","1","No"
"0x85daf442ec8910ae4e2ec329cd9323257e68b928","1","No"
"0xdde3d8bc7826eafa0640a9728feb64a762c8decf","1","No"
"0x176f989470936a2c37d5fa95710d754c0c5b9cf7","1","No"
"0x11e5acc4436704a47cbe9c26b97d8ef95b8e629e","1","No"
"0xe9f67c2e08e1eb1d250a558b9d00c33625b0158a","1","No"
"0x52455692535faa26b8f4af62355b565c3189359f","1","No"
"0x758959888ca53ddec0a40758f2272d238eefc8ba","1","No"
"0xdf679b5c35602803ce28156818e3a91ea26c8595","1","No"
"0x324bb97ee731652509e1922a029e884ee485a735","1","No"
"0x01781ec83d021eb43342d473d9bbf6f93c8c8ead","1","No"
"0x64111fb8bc45e1aa080fcf0cc3a224d5186fe30c","1","No"
"0x1bfdddf41e8de47daf9b4c8e0ee1ff7f9513c7b6","1","No"
"0x4e77d4b5913049f5522e16389fe9541ea8c3e55a","1","No"
"0xed4aad3e141bb9b7fa0544fae2373e2d2cef1616","1","No"
"0xd3386fbaf2b7486c49c805564c6e6927138bb0b5","1","No"
"0xac0dc3473d557ec0a22e991aee9d35dd4b6daa5f","1","No"
"0xe96cb2043337f3d2d4c093ab1ae2ae26fe7c622d","1","No"
"0x798d44f7e09a37b432a5b1c6cd0812d38353ef23","1","No"
"0x14ac2778024e055f0451c3c31bde2df31d9c2e6e","1","No"
"0x7bbe2e6b49a27863197ec12417c5939dd473fa01","1","No"
"0x31a812ae98a7ccf82fb3fc8e31ea1bbedf6353e3","1","No"
"0x8fb260ee8616e2591d0963b2d12549c94906da6f","1","No"
"0x4b56c4024d724b7f96a1edf68d6d11cb06c62aa1","1","No"
"0x663ab65bb9d24b2956ddcf5a8be33e90de6bd72a","1","No"
"0x6d8d268da539933f0337b7d7622e3cbd9260083b","1","No"
"0xbbf4143546188a9cbed15baae6c87390fdeaf704","1","No"
"0x018cac2cd66e200f0006f833e444550d1ace9109","1","No"
"0x5ea04235919aadeae17ab967677e2da6ea159f3c","1","No"
"0xc124a61a2ee2f5fbf052a04da913d485c00045e6","1","No"
"0x3737103aaf367de6d6f3583f6f3c68a6a8cf569e","1","No"
"0xc31300a51e6f41098852c8be536db03afe32661b","1","No"
"0xa3f61deb6576faf6b320dbd8d03c636b5796077b","1","No"
"0x4bf29cd5219e801baf24623632622488b41f9564","1","No"
"0x464b20a9e6557f8ff15c810492eaf6c339369730","1","No"
"0x6c5afae7cb1c0756925bb880b26422e40405800d","1","No"
"0xf18af3cf336ebe02094a21b6c426cfbbfa7c258d","1","No"
"0x58efd088f1af1da5b079d7ff2b36adf946be40c3","1","No"
"0x61af3cc06a7a842397a71555abee12d479cd0922","1","No"
"0xb7fe0c621d9d816b22a8e8d4f017d9e233f32541","1","No"
"0x005c9f67f257b88bf89fb963b824adce8c06d8ab","1","No"
"0x6ef58c4d735776304e066e42a91c1e08cec284dd","1","No"
"0x0907ed99764b314265353af6f41b0d45eef76c4a","1","No"
"0x6165bc3b9115501b5a265f75b0c9b72475c631ae","1","No"
"0x3182a48f8d036c84d2af510de4603821f7ac2367","1","No"
"0xd36d496c07f12fbc45bf6dfc10bc9b33bce2c225","1","No"
"0x382657a78bf1b869f00ee11ccfc599db656b6272","1","No"
"0x1d02d8cd04cd3c99c550185fe5f3597ea22e0b44","1","No"
"0x0279993c401190bd1510fbb5862d627f1da7fb13","1","No"
"0x9da3a7d77a05dbe4844dedf37c3d9c1e078d025b","1","No"
"0x4492a2669f82546fd00d1fd39a079904aed819ab","1","No"
"0x2e49bd3b577c1b39a4cd478cd0ec9caa7322c551","1","No"
"0xd431f95390812c6b38c23cbd747f46d14e5a3d2f","1","No"
"0x6ddf66280f4e9d2d76dd4212f830fcb596788d7a","1","No"
"0xd561e13d7c44b29e66481fabbc68c9d98920bb81","1","No"
"0x426e7b21d1d0c0af16bb213e83dd9e1081e86f0f","1","No"
"0x7409b51fa68cc4209229d727d09f92616edd8b39","1","No"
"0x1de1b8e5101ac4fcacab2bf221e8d8d4414e5bf0","1","No"
"0x4429370c9b943a02f494b14610904853b64ea5b0","1","No"
"0x5d0c80db05805f8883b5684dd1a18f70c5ed9daa","1","No"
"0x6197f468c0658874d77b69f63aee0d0fb646b0cb","1","No"
"0xeb1ba0b4415012446fbcb902a36be3df82c17d8f","1","No"
"0x8ed9fe070e6c82a4f1cd706ddf36c5f885deefcd","1","No"
"0x63972338b642b25a5a586aaf45cad9451662ee70","1","No"
"0x0a5ddb94a77b036b30e5729e50a7330d87a69cc4","1","No"
"0xf946d0e661c751d2f9cf7fbaf7d838c6981452cc","1","No"
"0xfcfdcaf497ca16bcc1d660c67980a3af8895aba8","1","No"
"0xccda3784ecc7340418dbde0d561dddc666d51c72","1","No"
"0x93125da9b025c99ed816ecaa539125348317ed9a","1","No"
"0xdb5061c91be60dc950b5a7c72a8a7b96761ba322","1","No"
"0xfc5ce58fecddd25e52bde292936b0c2d38831d25","1","No"
"0xb18d15c713db5510fa4ae5ed027ba12dff665f81","1","No"
"0x15dab739ed382b250c08825399d7a35785df0211","1","No"
"0x958c5d74100b344f7923934ba31a7108f92744d1","1","No"
"0x9e3804acf934052740d4dbd70c584f4944e852d3","1","No"
"0xcd9e8916a4ecd983deca2bcf00652790d5c896f6","1","No"
"0x3dd4438363e0caa8e2344e4fe1b0db497b8b423b","1","No"
"0x25b12c21adbbfbed57b56c4909a358745b147576","1","No"
"0x261cef2a23ead7f5409318c6ab19c745fb529abd","1","No"
"0x5cafdc73ddcceb29b9e97c377652b19e20fa268f","1","No"
"0x15371ca2cb2714728da23d3faf8f901be7bc16bd","1","No"
"0x84b6efb672135fac5c45276b12ad638db2eaedd9","1","No"
"0x1b5e4ad721ed4fb156ea65e78d5b14435f154a69","1","No"
"0x186d5f295e495cbedac2d037f9cc8cd1edf4e806","1","No"
"0x8252838cd7dc4c88e62a01ff47891f24841c85e0","1","No"
"0x41bd9fd0bef905e2eaf25c044dad1d3a773af30a","1","No"
"0x4c3acac7ddc0f62d7417be70ef3f0b711a6c41af","1","No"
"0x2b966565bae1ee2c320a4300081b7324c8566752","1","No"
"0x42a57861aa2259c22a237d81104fc574dc042de5","1","No"
"0x7df56e0b863e375812b9728da0308f85c8348f31","1","No"
"0x01ffe13835dc999635427aaef8f8a56bdb3f6729","1","No"
"0x059eb83653446ca858c447b106f1ddb8c6fc177f","1","No"
"0x1f357035982f0fc7a18243903acbb1c1effa9698","1","No"
"0x8092636086ea48893b2633a3cc943cfd98543be3","1","No"
"0xe2ee523d7e6fda5251312ed3aa753dc8777c6fb5","1","No"
"0xb08b4679ce9ac9760a07c0574b2812d33eea7ab7","1","No"
"0x524013b41eb31ef49595fbe70f36af7157c0207a","1","No"
"0x5ce585e7703af92a58e941c709f9b3ae35cadf79","1","No"
"0x5ae7754be5b923d2ad707a1cb1c72140ad18352b","1","No"
"0xe006255da0bf3dccf0193abdd15083f3e2fb7f60","1","No"
"0xbc90209529e00a9503e911f78e95918048178cdf","1","No"
"0x675d992dd37c03565efc716312b39cdf183694a3","1","No"
"0x93aa8a8c2a4e404dd9e1948f8fb1db2d0975a5fb","1","No"
"0xb4d703a4ba312ee396070a9568a67be65998226a","1","No"
"0xb9388c69a42e4c4b9ddbb552e4d4d9fa6c740bf9","1","No"
"0x831ad38f658bdc26d4b3c775ab66e0904aa3d0e4","1","No"
"0x77bc9144f49601b7917ebd31916240ffe0d3316e","1","No"
"0xbf6133c1fddeddea275ab9882fe80a45b9d13143","1","No"
"0x0940ec330d75858639e35b390eecb09a57b3addf","1","No"
"0xc944eddab91f0992023517426e7c8c4b05040c68","1","No"
"0x2925a32a07dedd00dfffababd93cced61caddf43","1","No"
"0x9d3a0a8f6224cd38b343c8e352455d2856a78ab5","1","No"
"0xc7623bd6fbbae022fb1e4d4f6fcd71b24c5245c0","1","No"
"0x249e6c9730770e6c776842450a3b3fb4a77b6721","1","No"
"0x02b0592cbdc4dc9ee1bfcee888013a7f07de88b7","1","No"
"0xa1a5b35aadec7dbb694678f64c45d0a89d8f63c5","1","No"
"0x3a369bd86a3cf0eba0e14e07586c3649d18441d8","1","No"
"0xa011210d0caee9d39c316dcbe07da57b779935b9","1","No"
"0x687ebe3f4d5ab347ce70cf0db54d2f401bc5220a","1","No"
"0x44cb7ed8250965d71da3c8382fa7953f9ab9fea1","1","No"
"0xccbff17a052dac100d296a41b0bf6f35d07d909a","1","No"
"0xc7fb528ea370e329dd25cb34ab565b481e7a1a18","1","No"
"0x5fbd9cafdf945f50730a9aac8f4a415962e00b72","1","No"
"0x69cf3e86edd24540a039fee6b1d3805b8392ad75","1","No"
"0x576b211f5a5afa04bee7808a570daf5b89673bb8","1","No"
"0x58043ccb38cddd74a4e7985b201280eb2d65284c","1","No"
"0x4eee11f75cd3100df29dad033d9c2c3a9dabe992","1","No"
"0x326c93d657335bd7ff6a49834c5cf342a53cbad8","1","No"
"0xaf6a76983eda0950c7071fa1e182feb0ffa99074","1","No"
"0x3d6c1e455fe4c2233054072d012a1329fabff2b6","1","No"
"0xb9a83e176efdde16df96f3a6a12d4c3499d810d6","1","No"
"0x7e401c134fc45eca16b8cbaee3805d84e8d44b28","1","No"
"0xdf31d5fd05ab6abe280a14bb538a64e3619c5bcb","1","No"
"0x7416563e688093552163280b78c3637b3bc8b358","1","No"
"0xaab4623ada38fe12829db0495f274b0bb0ec338b","1","No"
"0xcc08f54dcd062e8738af23641a3f97d92a3f6c1e","1","No"
"0xe4dee0c893b3fddfbb301c0243e7e4af4329ca39","1","No"
"0x6eded7c737ef8d1720f9c6493a1107bebab76dc3","1","No"
"0xc966d385e16066393a3d903e3b6e1863ed813e8e","1","No"
"0x580be7f57143a09a923d8e7b7d62b5937df06d19","1","No"
"0xd1fe105b0dca84bc7779648da6439bca03dfa1a7","1","No"
"0xf7f8578a6729ca54018daa950bad1f598dafdcdb","1","No"
"0xc89c9baa90cefc7e9698b1a1b2c7127079a67c16","1","No"
"0xe8199e2a6f7e14b87217f575e70ad5640e2e25bc","1","No"
"0x13143fbe04c0a5162ee40d5fb9432f7cd86ef84e","1","No"
"0x6fbab5fb0fceac6aab696808c64c8fc0d399a1ac","1","No"
"0x8c0d1d73f8f96d85a41e627e5e65a42b6fc1e3fc","1","No"
"0x2e273b37beaa456cb4e902cdf15d8c029ceaeba3","1","No"
"0xf9651d0fac66d1ee9a586725a15c65f968c2d317","1","No"
"0x79ac9015ddfe87499938d7866dd2df70f327be0d","1","No"
"0x6185eef048e7078402e84d8afbb9dda06efadc6b","1","No"
"0x8adbacefd63e53c9530ff28605055ab6dcfeded3","1","No"
"0xb3085056ceb724f535b5c34825f8860eb8509dec","1","No"
"0x038846c5cb60f742d61f65049a1013da7ceb51c3","1","No"
"0x7e1f80a168be35ddcb34f11e7f180e12cfa4cf76","1","No"
"0x77650b9305b03604e10032b0bd925ec8739aaa38","1","No"
"0x348655264146e29c0bf92550ed62cea23da27b62","1","No"
"0x6bb8575c67f0c2b30c2313071ad9379b46cc0b07","1","No"
"0x2a54495bc3e57f90b25d44b3df773e664c23be6d","1","No"
"0xdf3488e6b405cf2ee56b01922cda54b65d1ea57f","1","No"
"0x0f881cbd07a775dae5bf65fefd52925460bde682","1","No"
"0xf8ab1f8d24fea1260a4d6a48da748a0b55c8c96c","1","No"
"0x6a431125b9ad4fbfa08ef182ffe2373ced0ac575","1","No"
"0xd75e0f5787166a04bb099321e9d919eedea63086","1","No"
"0xe28d531f2d34ebfbd1912e2ee6df653dc314e5aa","1","No"
"0x8bbb236e755990f4c34aca8fe7134a8470d2202c","1","No"
"0x256d0bd72db4e216b76b40b4996d4bbc9e549cb6","1","No"
"0x15065c0183c8da7a7641a5cb09f6a3f3050ee8ca","1","No"
"0x1b680953e7ad02b6eb53a3d2f4aa3c714096fac6","1","No"
"0xc2fc536fabfec334a762b15b59b5ed58aac0c3c0","1","No"
"0x4511fd2e714bc568a6ac0852d20c2176b16f18be","1","No"
"0xe091746f446baa9a27433982e751aa207351fd0c","1","No"
"0x7e175d85dde746c5972a176cede2835dda2a9ed7","1","No"
"0x956e7515e30deb6f18e3df375098008d9ee32999","1","No"
"0xa49cfaf558824b1d3c88ac322962b27b914461f9","1","No"
"0x12e5c41f8bf9be695a23d47833e9f6426eac9b3e","1","No"
"0xad88fb08b33c595e18592f78fa5380ba513ae33d","1","No"
"0x5e89793220bba0c0190086ffd6cfae4bed226c04","1","No"
"0x63a154d15c51711112b8ce30d232b66203d1af5f","1","No"
"0x6d16c385bf2ebc00910ef3c1acc133d70ab44d87","1","No"
"0x58d67f3dade7ede685c67144060ccca8daf79585","1","No"
"0x3b9deaf243e0571346d7fdb45d343ff28c9bb401","1","No"
"0xb00583ee91e54c1dfa314f463e6d871b2b17a2fd","1","No"
"0xb9fbb0965fc7ad44a3f9263c81c2c2ff71f03a41","1","No"
"0xd23962ddd6b4baea06ed266b15865be87753c3a0","1","No"
"0x04a3cd9213a031ddc9746552d87bcfb3d51db56f","1","No"
"0x706e91af04f2d61a317abb303e94dfc6e3aab597","1","No"
"0x6c4fe951d00f69517168b19a945c5f618a854c67","1","No"
"0xb6b42d31b976064f2b1a6c957d258ff1ec240b86","1","No"
"0x634c21ee6911d37ccf8c8b6cd28e592c90c4b74e","1","No"
"0xcf9178c0c922d1a5b6ff36f0871a0b45315d9f51","1","No"
"0xcba204280826650d9745ee1412b708eccc1f4779","1","No"
"0xd438c0a11b27bac87e1bd5be1dded698d3eb523d","1","No"
"0xf4c460a8e53e9e921262accc2e19d519daf98b9f","1","No"
"0x79d61915306fc66a90dcd7738e375764e6d0255c","1","No"
"0xf911a9faf40268a96bf89fec2f1a073cdf1b4f55","1","No"
"0xe483add11044e11259c13baaa70df7cd45790ac5","1","No"
"0x6b79bab0c9da7dcead12007dc69cf00bfe672d3a","1","No"
"0xc56dd2990f8931663b2db65642d19bbd1751ed72","1","No"
"0xb29a6a9431707d4a1f99ea16302f1aa89a9417b4","1","No"
"0x2420da1e7d88844f6868d1aa7ac0d8214d72f9f1","1","No"
"0x99f92c404a2dd32bf4f69eb3c6b24209187a45f8","1","No"
"0x2f7d63884d787ff16ddd278ef90489941d9d31e8","1","No"
"0xfe9604063fb7cc3133bc385711beaa563f54af46","1","No"
"0x93962e59691f46f475c72e63d66db448719475b6","1","No"
"0xa669294b63ba1a3e38b89817cc0d994653474fc9","1","No"
"0x5ec848a9695ffc60b41630f2816dbb4a57111ef8","1","No"
"0xd83c585eca6105ade59c2912a54d0bb6ef8aebe7","1","No"
"0xf1b17b13d2a49f4c500622779b932aab9b8f5539","1","No"
"0x79d727dbd835f4410ba5992307c72e29e2a87d93","1","No"
"0x88f38a7235e2de544b750481057809c60382b470","1","No"
"0xd36ac01b886eff3fda1fd7ec50e0c834c6b7027d","1","No"
"0xa9095cbbed95f56a993226ec35a56ba876a286e1","1","No"
"0xdec43b80c5c582fc27b033751c2668e0f4e2642b","1","No"
"0xb1ac8d874cce7e5544e4258bc1018dd45a3f6817","1","No"
"0x9297a6a7d8613b849a3f6ec1034d8ea1518ba80b","1","No"
"0xaa45382d8720260b515c542f9bc32648754922d6","1","No"
"0x29f8ba90602eacbd27cef210b3e68c92836938d8","1","No"
"0x03e0cbf662f1150a91438fff496fae07fc9b76da","1","No"
"0x41a8e26b8b6d5ced5ad9a1bfcc18aabcf1f15b1e","1","No"
"0x6ccd69fef5adbc3a8bd0c21d96ee0aef3996ef53","1","No"
"0x1f6ef629b8219b6c40970f98236d0df3ed4b17c8","1","No"
"0xd4b35b90526de1ce891e7e200495474f69e1244e","1","No"
"0x93f2c99d9085ba18aede8ba61ac8e99ce23b94f1","1","No"
"0xea7a5ad5af6b1b815e4cd44c5d882b4f5780ba7b","1","No"
"0x01e4dd82c5a981387f5d0e217baa85f42758fc28","1","No"
"0x170b31b018a2a410c52fdeb68054fb1edd5f1a94","1","No"
"0x7bc8003b15b415fa1ffc5655629f07f513ec0128","1","No"
"0x05ef3f6e158f5cc5a3c54880bf3d8a4f502378a7","1","No"
"0x48d265dd7fda1eef3ff86893abefefc5c6fa261c","1","No"
"0x18f34086f4a3fcb5f9c4af0b16f22c90318a1e30","1","No"
"0x654493fe3b3ec2e13c2647a8a99763618d460fd9","1","No"
"0x31c7ce4a692d23ea9e2dc96edcb7361d1911c097","1","No"
"0x461ac0350cd9a138439dcf58bee6f9d157068222","1","No"
"0x4229f85e05c977cdf2b7cee7f779b15db0cd85ca","1","No"
"0x1d0bdca4555aededc20c15396216018f7d3bba82","1","No"
"0x4464e9e5bc21e5e91dc2fee40ab93464e8fde6a8","1","No"
"0x273a924ecb01fc89f3f1ce9eb8747ed07e569922","1","No"
"0xfb87cfe289050a849c4ec8a890b792a5cfede6f1","1","No"
"0x5911b99ba1f877d80b706af5c7847062596bc929","1","No"
"0x4bb42ddea043a2e194176144ce4245d0cce55294","1","No"
"0x0b0926127ee0404f4d3e3d0b09e3479cf02e25f8","1","No"
"0x75d92547211d76c2e8e857361fdac2ecb6e4685f","1","No"
"0x842d2332093cdf0d3837a522eb55dfcb00a563a4","1","No"
"0xea130634b6dde7b73a6da2d094fc8002b041781d","1","No"
"0x4b5fb59305fc2e88b6272e50e965bca07769ce18","1","No"
"0x5af669bdb5504fc9f159aa4f5f67e3ffa85c62b0","1","No"
"0x4f4111cb5d3776bbecd07fe7f1f10e4788734673","1","No"
"0x752dc00e9a705bf2736f4c99def460e2cf4dd8f4","1","No"
"0xbd7cc2e42c9a359f54afe8264d3ce971737d3c16","1","No"
"0xe6cae49eefe5ab9902337a394759c28fbca12ede","1","No"
"0x322f53b29ea04afcbb9924405b74c9ac1245fa9f","1","No"
"0xd4fa66d5208aec30cb56c1735084d43316194b6e","1","No"
"0xa5faf681bdfe41f592b984133f253b82d1b39968","1","No"
"0xb71d61e08f6ece63a787f07a444186bdc5d7da91","1","No"
"0x2cb8ac259582dab26efd45f99c616474e9d37025","1","No"
"0x388454d1fbd39ab0e2f552b2ba8a5786705b5a99","1","No"
"0x9a7eabb50da815c3cab58eabee4aecd1b5cfdca4","1","No"
"0x606a7166bc662e8db51502cd506603b37dc91295","1","No"
"0xd72241c3124125b82633693df9af41460b01c1ff","1","No"
"0x8f9ccf0dfb91407ab0255ab5e95a639fe906c55a","1","No"
"0xac7f4920a74cd8e41ae69886aad2d94e01f2d9ca","1","No"
"0x23347d9a15714ebad079647edc39a1f812617d41","1","No"
"0x04c3f1c9d5a7da4d360627cb8d5fa93d97917f6b","1","No"
"0x3b9e43743a7fbe14d1e32c2a2fc9a3f573b20403","1","No"
"0x884492b3240e2d25bd18fc7493ea038fe9618b12","1","No"
"0x3596b19944bdabc7d44049ccd1ba3675d6167748","1","No"
"0x9ecad86f98df03a03b56c21920e4bc335d118ff6","1","No"
"0x593d30e8f67b3046aac1de53deff077bcda64424","1","No"
"0x6013e978c3d4f0fcd370396718c99fb60b1fb36f","1","No"
"0xbe95ce2c5014c2fdfbff4bd4bd43e32b054d9ff1","1","No"
"0x13d02d011fa9e7d5cad04e5abce7a14c8e9e3be0","1","No"
"0x691a53421ec6757c88dde976c734f1f37ce116ab","1","No"
"0xb9fdc326a700cd3607481d3e7962f43ffcf615ae","1","No"
"0x2674373913f924f4cfe87adfc0883f9ede14b0b3","1","No"
"0x164120d7048a30055603300509e24042b347ecbb","1","No"
"0xa9abacca0ec4e39c5218a77fd1425729ae478dcd","1","No"
"0x83531a129200c72cab56291a96a1afaaecbfdbe5","1","No"
"0x9cf661bb2324507bbbf6f664a8f060d33b8b771c","1","No"
"0x62d8c62a4466792a1d31d65471a77df7ae9160e5","1","No"
"0x5ce1ca355f268914b0bef8f40ab98ff87246270c","1","No"
"0x9a6a99f96403bfb7ed39ef7dacb34ed2fdd65e66","1","No"
"0x2f91ee10b0ff0069d05bc53d8928ecaf2065778c","1","No"
"0x5131acda79159e3474d8a3a5ae01191b4477d8f2","1","No"
"0x27d350fde82743f856997ed97ae2bf56de7ac738","1","No"
"0xcf900ba60f6ce0515f2478cc4fb3031c5e429c54","1","No"
"0xb8685a78c495d8235a2202659b711ef13e36c035","1","No"
"0x73a1f569c0292a5bbbf34caca6765d2fd67afc1e","1","No"
"0xc93c5c8437c7da1c192dba985bef56ab279313b0","1","No"
"0x036af3833448d98e12072700782fddf3acc7145e","1","No"
"0x66ac934369c151a2d37ca03b52a1443510a4435a","1","No"
"0x53773f4a31cf975872b6b0230619e5964cecf897","1","No"
"0xe1a5450414175b29642e5640d1846c54c485abb5","1","No"
"0x1fb0cbb6c22c7a0b034c6d405f2937eb4bad8b39","1","No"
"0xc2e1fc92daa4fcd3696dd78d31bf8ead0071c9e1","1","No"
"0x4b996d87f66d3b1dc2e4977d63b0b4e99e44898f","1","No"
"0x56a8ff88a26c04d6e7139175fead958615c766f3","1","No"
"0x0a3790930a086b7dc926fbf329db29ff3b52c623","1","No"
"0x58b634b0d9c5a4934380a3c614d0eb3d081cce9c","1","No"
"0x44a81c51353ac418c20a2ad3a628a2e44f68fa90","1","No"
"0x342dcc7fa456490322086ee1de8dd162eebefa76","1","No"
"0x2b8e00403983500856663bc884f30253ea186e50","1","No"
"0xad1cfcc65075f5259a55451542f4d0e3e2a2f1dc","1","No"
"0x9df7fa3f0d5d3a5cc9b6044c4ec5c1602c24a839","1","No"
"0x510b8bc75199f6acc30a1e863eb9d9820773b127","1","No"
"0x0a57885920231c1e086dd86548fa448add42c48d","1","No"
"0x387d578a519f6d23be2dddedb6d964d1b4a4e8bc","1","No"
"0x69f4fdcb7136af26a504e79989eb846d3160973d","1","No"
"0x6b9989836151563a976e09f95e02b89dc338fefb","1","No"
"0x3be2dbea3c9401cc1eb711500f63c2cf47d73e8c","1","No"
"0xe5fbe9525f6ccde56aabb2917c37b42fcb4a2389","1","No"
"0x858053ddfbaa8454bd865e2d7f1f13a4fff26d3c","1","No"
"0xc2db9c47b2e5473c135ece0e17016219648c01c8","1","No"
"0xd9e1fd7d451c6b2c25951937488399d186578a26","1","No"
"0xd24d824eae5d94ff45722605c0bb21ce1d0755db","1","No"
"0xd4bcf04db7bcb5843caf5b01de2e1c44c1a31ba4","1","No"
"0x329ce13473ace6bd89e7fe6d413840f04be7cc0e","1","No"
"0x7a7cd20324f2e37961987ea9f88eb7aed746eb75","1","No"
"0xad37673553f31f2cd1164842fddcde06e0a7bb80","1","No"
"0x81bd352910820fe3dfdb47a7f651008b3a97535e","1","No"
"0xc09a3a667b9097624dc754c606ec7d4890f246bd","1","No"
"0x00975600aacc482edd6a8b3718e22f0b02b8c070","1","No"
"0x0d337450e844d05bf93fb56e00e4e1938e6b76d1","1","No"
"0x09a7c66870cf1158bf98153e799673c83dcb6af0","1","No"
"0x85c42792098e3e20c8482b5d711e7278695f1eec","1","No"
"0x689ff70fdb1f4247f40de08f0f7db7e879059cfb","1","No"
"0xed3ef8733775273c87b892529e9aa984a303c7d5","1","No"
"0xe4b4af90e53f124a9086f4c0ace45a46ae58d538","1","No"
"0x5689263f3f3223e158d4c6344d62b2c5207e39e2","1","No"
"0x7e0ddbc902234bd39cd29904ca6e8748ddfe11ca","1","No"
"0xbe88eb80b4c0fb099076cd082a036f447e493d48","1","No"
"0xca54534575f6cf4bf5ca63806776d9bb41bd04d5","1","No"
"0xe98ac33d956a96e77a99e98dd78d4549f3952601","1","No"
"0xe259baf58a68081e1d58a31307bad202b3c7a25a","1","No"
"0x7ee55e02cbab5f20d113ab9098d199b78eaa4625","1","No"
"0xda1aad67ccc2a6c2f139d647071bceb0cb41cd5a","1","No"
"0x1c8b28ea950447d46019dd7094a872973486cfa2","1","No"
"0xa09da01fe29a0575f04f944f7b6fcdf8f2985d76","1","No"
"0xc456eb94f838e7dab6edfd8a2daa0020f4c7a775","1","No"
"0x85136c487be15cfd017cc966a43a1516ec01f3a2","1","No"
"0x9882dd0acc19a4132f888a929f3ee23f01d45927","1","No"
"0x245e89ce537ba7ad3018ee2d8c7ff29770e31b58","1","No"
"0x7c67a4a094bf932e30bc0994068f1ecdc29f6e0f","1","No"
"0x02b923ae1a6b8325d7801e4f4de8af749474484a","1","No"
"0x7b6e2cb3efa1033ea71ecf5e9390d6ab957e1f00","1","No"
"0xb5cbe4f97ebff6455c5220c8aae8faf925e6d589","1","No"
"0xc2e1ce3b40369604aeafd70c8f25f0f611d4cf59","1","No"
"0xe6f007e019c2e184de9e700d97ec3baac9eb49aa","1","No"
"0xe9e237f8c43bd42bb5eadfd6a9327fd1a98f01bc","1","No"
"0xd25bfe3742b2c1369cbeb5fa5d582100a64ecfdb","1","No"
"0x31a4b6afe508ca6ec7d2c25ed506d6cbe6dd5a65","1","No"
"0x592b380c1ffd422136321f67548ee76ed57af98f","1","No"
"0xc6bf19c2b6c130ebfaca2b826c5d26ec5bc587ce","1","No"
"0x10eb9dbda45b64caf8f86e538d7a4fe8448bed1d","1","No"
"0x14995800549c8b663ca85eded71875741b914b48","1","No"
"0xa652070875c53a02415969ffa2a2f91dfbd40d2d","1","No"
"0xd62e811be562e66fcaa4dd54dd42c3837cb77381","1","No"
"0x03190e00f35ae59d45d263fd40435e108a563cbd","1","No"
"0x13cbba878c59ec8152b6bfd1aec78ea4645db741","1","No"
"0x5a3c86e5c1a8647e13c287b711efe1cea3771e36","1","No"
"0xb698de7c131b56133aaf784b827acc8dc9dfbfe5","1","No"
"0xb28dc9c1465e5439a3aa6d721ee9e9cacc8c696e","1","No"
"0x86aec8524f477245676535a715e7c64004434e1c","1","No"
"0x63e720d75b0db1980d19fd1a99ab49fdd022e137","1","No"
"0x30003db70a17ae01e211d5e2dcb4f141a3fba7be","1","No"
"0xd772191964c7127013d981a1460fde0b35c4fef0","1","No"
"0x6596a1ee0dfca7cf00ada9c4d0f9e02fef563240","1","No"
"0x813aa437a5f9532b5fd758376006e2a5c80eeb7f","1","No"
"0x5634b433251aceb3d912b7dc1ca069969ebbca3c","1","No"
"0x9a160a830a6bee234d70484360a481054ac3f19c","1","No"
"0x724f54bdd02a0ec20085634f10c7b9a02d37ce9b","1","No"
"0xe9eb811ef2da1c8393bfc64b0b15fdea3d03e338","1","No"
"0x147a13d91388fb07aed702480108db6f9e25506f","1","No"
"0xafe002e77ad8c9893c17f8873c021685859b9c20","1","No"
"0xdd9284774b331cddddb5d2ed427d6c3b5efdea3f","1","No"
"0x3e336f8573eb7b9c1de51242656a71d988493fb0","1","No"
"0x4ec1dd3934434ea370aac43293a48e9d0e64fcfe","1","No"
"0x33a04094a22e57b509d08e7a87fc53199668f289","1","No"
"0xe8b775695176fb049f80f4e7d66a5d8be4549f34","1","No"
"0x0954acdaab1aa7bd7f37ed7a1cee4c998fcd4034","1","No"
"0x32edff1327a755f6fd8e0e9317b4a42f51dc1708","1","No"
"0xf70b819d5153a4d65d011187260132f2920314e3","1","No"
"0x2f8cdc9df599a02ac8b02b347f98526d08c35b7d","1","No"
"0xfac13923b16cf3563b53d757b91aae96dfab97e2","1","No"
"0xcda6b18084b6621edf577c89278c5b724e677eec","1","No"
"0x5d4e0d2ddcfee7354e2a94b3f0cd550965807c4d","1","No"
"0x5dc38bfc47871116092c40c94b3b0a4281837fb6","1","No"
"0xf2e0dc5fda1d8bb19fa957459823ae0c7a22f3ee","1","No"
"0xcd35782b2352cdb6061e1478150e0eac76a0cde6","1","No"
"0x7df75d61ea5c45bf65f71f2544424c00c84aa818","1","No"
"0x80b31ba363d6ab5b2a0394696394e52646876c8d","1","No"
"0x9aa895dda7c0e7d734486c03b41928a4cd057f0f","1","No"
"0xe5cf568687c8e22e0c927592ce010a7539212716","1","No"
"0xd69276e1fa62d1974641feb26b6ee05a9a12348e","1","No"
"0x9d064a56f08bf4dd491297fdec6919b5ec632c06","1","No"
"0x7ea5fdc4e6afac16588928ac8c498f6f60c23df2","1","No"
"0xafdac178ae9e3982f9b07ae7408fbf1e9421750d","1","No"
"0x1a2ccc0e271b899501609511208e545181cf0126","1","No"
"0xcef773cae0eba33caf3a2ed91f75ce6b440d2db2","1","No"
"0x871ed8852b83f5d9a24c142e9fe8221755a6e7d7","1","No"
"0x976baddc21913aca2d96e6885ef5fcaf63cf0730","1","No"
"0x7eac35660c346c25b7ab40caa366214503f71f94","1","No"
"0xf8de8a38342a588f92cd6c6925731d1d5c5e797d","1","No"
"0xcfc4c7eedbcf9e678a706b2278b9f2daf7c7fd32","1","No"
"0x8e3bfcd9fd1146cb6662695ccc7ef3df22457987","1","No"
"0x59260d414a89db2fc6d64d17bdc856ec3f102473","1","No"
"0x2810a7cca7bda04241cab8a4de2afc8ddd4205c9","1","No"
"0xe3df288c1b1e470978a1222d01c3252404710eb2","1","No"
"0x5332be27bf87b85ec72083d3629ea2a47f391ad1","1","No"
"0x63fbc841bcac616af1d77b0823c75e7248b813ab","1","No"
"0x776cad2e9eb0e8420bf9512ab492c71456ce735a","1","No"
"0x3ceaaf164504e1f1c0d673e74bccfc71f8cfe7d9","1","No"
"0x3946d61ef4f575d7773ced0642bd8652b9bd698e","1","No"
"0x7d39a21035fccdf80d3b4429203fd6876e61e531","1","No"
"0x303c336403c1f88e446f11517e9a528c3c3c1914","1","No"
"0x7bd0196cd3641d0783504bcb3b422dca5d84a763","1","No"
"0xf9ce45e4f75e896b260fc4c77f98d4b67b8ded44","1","No"
"0xa8a881ab8eee14d83596b0d585e19527d067a7a8","1","No"
"0x99fa9c7a9c57fbdfa4d4551e47690d73a2298447","1","No"
"0xadcc5f9d0db5725ee3ff25ae80d974e0600b6637","1","No"
"0x883787725145391bf1981b2afe600eae131bda79","1","No"
"0x5ed591e77274272b3340138228628666a8e0a95f","1","No"
"0x2b7e8545de84b8cd834796de85c98d44d401e346","1","No"
"0xdca3fb7f60c1461c3c0a50f9ed09a6a5945e52ed","1","No"
"0x75776129ebf9124ab6c026b21ad0efd82eb35a94","1","No"
"0x6ff8f1a87d242d4beedf6e3f29cbc29a9eef1250","1","No"
"0xd2417eca9b0fefc27185fdba506ee9edaeb583aa","1","No"
"0x07f7dfca854c68432d20aca1b6347009dfe4c13b","1","No"
"0xe0e65ece49aada77604b3596c8a043f65b2817a6","1","No"
"0x22aa07956fe61b072de0b230fc83024b6e037af0","1","No"
"0x234c8ffdfc7d0f03ffc03ac6d2be9c7e19609852","1","No"
"0x98e3b1af85a67f9ac8bbfc853f9a8c923e4d66ed","1","No"
"0x6a2f914473045737b0859b2382bb39227c34378b","1","No"
"0x66b05f3aaecc20863992c97dc927f98536d57775","1","No"
"0xf293cf30b376df79378f1fd9c8ac93d4575ee653","1","No"
"0xd2f5f211f206b140f10759850612e94c530b53c3","1","No"
"0xd1dacd3c7457ed1187f2328c08b0f164d8bfddf0","1","No"
"0x1c4becee746f243a5bb7c5745af923d24aab8050","1","No"
"0x49342ce4d1862b03dd3c666b152171ee96719961","1","No"
"0x5a264276fa29003945294c49a7ecad5da76fa89a","1","No"
"0xf6a36b8ff513f59a0d57f757faa68785efbd5852","1","No"
"0xdbd5ea2a0ec8e664a3baa3f452726e4a0f187992","1","No"
"0x00bf4b4823c56b93183bea071372e7aa294da89d","1","No"
"0x3d64a902fd3b43007dd8bf247803bc6397f76046","1","No"
"0x8e7bdab9f16e9be5320da4ba2d1b44e98f223197","1","No"
"0x19785b4f6bfd3cdac3c0397b8d1a45e61b01a167","1","No"
"0xa475ee897db13867e9431fd0354dc0da8874c57e","1","No"
"0xcf86f0426846e3ffea9f0bba678b25faf189862d","1","No"
"0x5857e0d829ab4d4b9e3ae319107b0413b9fd020d","1","No"
"0x46d7e68d80a00653cbcd62c41933387fb80c4654","1","No"
"0xe21566f85bd9d5da3c7d8ae1dcec90aad18b66d3","1","No"
"0xdf46df90678e66e7e135de89c0d3496d77470600","1","No"
"0xa35322123f623a5b1eae200cf2bf5a86841fe3ce","1","No"
"0xf11ece61777e165be4c6b81eeb573d4ad6a164cb","1","No"
"0x14a52884f8ce2df5cd9b0a5fe24a5ae66669447b","1","No"
"0x4d28a4951a6bbb9f6dc0d2cf58f33a3b8676a2aa","1","No"
"0xe076f21cb10f1f6451cd70aa9b7d4483f2a91a6f","1","No"
"0xb4dd620c39d82e585993b985c6924b4cfc7ed393","1","No"
"0xfd1bc8d7e76ab3c5542890a40152cc7ee38daeec","1","No"
"0xf3f01ab1ba1edfab8adeba3b80a51c0c48f474da","1","No"
"0xedf050a771076de5753c933cadb7ee0669cf484d","1","No"
"0xe75d8a1edeb0f9d9ad2f30aaebe004fae61cf22b","1","No"
"0x510310f63fb2836ea9668e8e60f00dc52d412f54","1","No"
"0x645f21c2f73eef2fdb4571b07e2eb5ae2a638351","1","No"
"0xcd56aea64357ef19c271d7e853f47dd53a7df51e","1","No"
"0x7da7d554e0830210490ec031049bce50a1ce9a6a","1","No"
"0xc61143a2a80f7a58a0a1ce151fbcae31121f597b","1","No"
"0xd801cdd7d78f3c5989b0abb71061be8041dc665a","1","No"
"0x50334b5d3d25a45d9ed9e1ab3d192e2c2ae8ca8c","1","No"
"0xd6006c789480a3e4c887ba6eb1850cd92dbba9b1","1","No"
"0xd2abac0ffb0c9a0c08f465a3d673710ebf089936","1","No"
"0xe35abd19be4c3d8fc0a3cd9262e37715d699d651","1","No"
"0x938b560888e7dd42910bbd934ff3dc358cb82bce","1","No"
"0xe0e22202ae55d4723191b59f8ef9e480a5515fd6","1","No"
"0x7f17310b5becd7fb6864553591c2a80ff7995511","1","No"
"0xbeccf282257bcdf9d4ca1292ad808b1ab22c052d","1","No"